Workbook

Sheet B_DENS
A1: Treatment | B1: Distance TIM | C1: Lower_CI | D1: Upper_CI | E1: Treatment | F1: Distance MD | G1: Lower_CI | H1: Upper_CI | I1: Treatment | J1: Distance totale | K1: Lower_CI | L1: Upper_CI
A2: 0.032 | B2: 10.930821 | C2: 16.967443 | D2: 4.8941986 | E2: 0.025 | F2: 0.91223773 | G2: 1.8245271 | H2: -5.16021e-05 | I2: 0.03 | J2: 18.82056 | K2: 26.13549 | L2: 11.50563 | N2: =MIN(J:J) -> 10.401756
A3: 0.041 | B3: 10.542811 | C3: 15.986489 | D3: 5.0991337 | E3: 0.034 | F3: 0.96605714 | G3: 1.8233511 | H3: 0.10876316 | I3: 0.039 | J3: 18.30104 | K3: 24.68677 | L3: 11.91531 | N3: =MAX(J:J) -> 18.82056
A4: 0.046 | B4: 10.332385 | C4: 15.602733 | D4: 5.0620373 | E4: 0.043 | F4: 1.0185844 | G4: 1.8495869 | H4: 0.18758192 | I4: 0.043 | J4: 18.075452 | K4: 24.356311 | L4: 11.794593
A5: 0.055 | B5: 9.9628611 | C5: 14.834657 | D5: 5.091065 | E5: 0.048 | F5: 1.0472079 | G5: 1.8651522 | H5: 0.22926355 | I5: 0.05 | J5: 17.688535 | K5: 23.603417 | L5: 11.773654
A6: 0.064 | B6: 9.6052204 | C6: 14.060704 | D6: 5.1497365 | E6: 0.053 | F6: 1.0754325 | G6: 1.9054267 | H6: 0.24543837 | I6: 0.057 | J6: 17.311626 | K6: 22.940218 | L6: 11.683034
A7: 0.069 | B7: 9.4116658 | C7: 13.638727 | D7: 5.1846043 | E7: 0.062 | F7: 1.1252319 | G7: 1.9501202 | H7: 0.30034355 | I7: 0.066 | J7: 16.841732 | K7: 22.039012 | L7: 11.644452
A8: 0.074 | B8: 9.221779 | C8: 13.313758 | D8: 5.1297999 | E8: 0.066 | F8: 1.1469502 | G8: 1.9451484 | H8: 0.34875193 | I8: 0.075 | J8: 16.38838 | K8: 21.296978 | L8: 11.479782
A9: 0.078 | B9: 9.0725103 | C9: 13.093199 | D9: 5.0518212 | E9: 0.072 | F9: 1.179049 | G9: 1.9812328 | H9: 0.37686524 | I9: 0.08 | J9: 16.143666 | K9: 20.962601 | L9: 11.32473
A10: 0.083 | B10: 8.8892253 | C10: 12.742516 | D10: 5.0359342 | E10: 0.076 | F10: 1.2001292 | G10: 2.0108949 | H10: 0.38936358 | I10: 0.085 | J10: 15.904057 | K10: 20.471867 | L10: 11.336247
A11: 0.088 | B11: 8.7096081 | C11: 12.441785 | D11: 4.9774313 | E11: 0.08 | F11: 1.2209542 | G11: 2.0123275 | H11: 0.42958086 | I11: 0.089 | J11: 15.716046 | K11: 20.165701 | L11: 11.266391
A12: 0.091 | B12: 8.6035982 | C12: 12.288909 | D12: 4.9182874 | E12: 0.085 | F12: 1.2466264 | G12: 2.0388193 | H12: 0.4544336 | I12: 0.098 | J12: 15.304969 | K12: 19.515457 | L12: 11.09448
A13: 0.097 | B13: 8.3955396 | C13: 11.91393 | D13: 4.8771489 | E13: 0.09 | F13: 1.2718999 | G13: 2.0837085 | H13: 0.46009122 | I13: 0.103 | J13: 15.08374 | K13: 19.071041 | L13: 11.096439
A14: 0.1 | B14: 8.2934908 | C14: 11.693681 | D14: 4.8933004 | E14: 0.099 | F14: 1.3163871 | G14: 2.0975416 | H14: 0.53523254 | I14: 0.108 | J14: 14.867617 | K14: 18.690926 | L14: 11.044308
A15: 0.102 | B15: 8.2261919 | C15: 11.524203 | D15: 4.9281804 | E15: 0.104 | F15: 1.3405438 | G15: 2.1212297 | H15: 0.55985799 | I15: 0.112 | J15: 14.698395 | K15: 18.475648 | L15: 10.921142
... A59: 0.354 | B59: 4.4417696 | C59: 7.8460187 | D59: 1.0375206 | E59: 0.376 | F59: 2.0537087 | G59: 3.5075805 | H59: 0.59983688 | I59: 0.428 | J59: 11.655405 | K59: 16.288241 | L59: 7.0225686
A60: 0.378 | B60: 4.5672457 | C60: 8.5671229 | D60: 0.56736848 | E60: 0.396 | F60: 2.059566 | G60: 3.2273559 | H60: 0.89177597
A61: 0.396 | B61: 4.7168084 | C61: 8.3698637 | D61: 1.0637531 | E61: 0.404 | F61: 2.0601222 | G61: 3.100529 | H61: 1.0197153
A62: 0.405 | B62: 4.8094148 | C62: 8.1643028 | D62: 1.4545268 | E62: 0.412 | F62: 2.0596574 | G62: 3.0231275 | H62: 1.0961874
A63: 0.41 | B63: 4.8659976 | C63: 8.1168733 | D63: 1.6151219 | E63: 0.418 | F63: 2.0586389 | G63: 2.9599405 | H63: 1.1573372
A64: 0.418 | B64: 4.9641589 | C64: 8.1040988 | D64: 1.8242189 | E64: 0.421 | F64: 2.0579142 | G64: 2.9367218 | H64: 1.1791067
A65: 0.428 | B65: 5.1000642 | C65: 8.5307152 | D65: 1.6694132 | E65: 0.428 | F65: 2.0556651 | G65: 2.9600214 | H65: 1.1513087

Sheet B15BTOT
A1: Treatment | B1: Distance TIM | C1: Lower_CI | D1: Upper_CI | E1: Treatment | F1: Distance MD | G1: Lower_CI | H1: Upper_CI | I1: Treatment | J1: Distance totale | K1: Lower_CI | L1: Upper_CI
A2: 10.285 | B2: 6.135976 | C2: 9.134192 | D2: 3.13776 | E2: 8.13 | F2: 1.0561498 | G2: 1.8177131 | H2: 0.29458653 | I2: 8.13 | J2: 12.703412 | K2: 16.855482 | L2: 8.5513424 | N2: =MIN(J:J) -> 6.1546025
A3: 11.55 | B3: 6.1242194 | C3: 9.1245954 | D3: 3.1238435 | E3: 11.55 | F3: 1.084239 | G3: 1.8503652 | H3: 0.3181128 | I3: 11.55 | J3: 12.663307 | K3: 16.780567 | L3: 8.5460472 | N3: =MAX(J:J) -> 12.703412
A4: 14.97 | B4: 6.0921774 | C4: 9.2143826 | D4: 2.9699721 | E4: 14.97 | F4: 1.1118794 | G4: 1.9067924 | H4: 0.31696652 | I4: 14.97 | J4: 12.622651 | K4: 16.925098 | L4: 8.3202041
A5: 18.39 | B5: 6.0597593 | C5: 9.2179028 | D5: 2.9016158 | E5: 18.39 | F5: 1.1390712 | G5: 1.9382162 | H5: 0.33992607 | I5: 18.39 | J5: 12.581444 | K5: 16.894586 | L5: 8.2683026
A6: 21.81 | B6: 6.0269653 | C6: 9.1055472 | D6: 2.9483833 | E6: 21.631 | F6: 1.1644256 | G6: 1.9499165 | H6: 0.37893458 | I6: 21.81 | J6: 12.539686 | K6: 16.731848 | L6: 8.3475244
A7: 25.23 | B7: 5.9937953 | C7: 8.9929086 | D7: 2.9946819 | E7: 21.81 | F7: 1.1658141 | G7: 1.9519277 | H7: 0.37970053 | I7: 25.23 | J7: 12.497377 | K7: 16.524276 | L7: 8.4704787
A8: 28.65 | B8: 5.9602493 | C8: 8.9383364 | D8: 2.9821623 | E8: 25.23 | F8: 1.1921084 | G8: 1.9729064 | H8: 0.41131037 | I8: 28.65 | J8: 12.454518 | K8: 16.493325 | L8: 8.4157107
A9: 32.07 | B9: 5.9263274 | C9: 8.8251667 | D9: 3.0274881 | E9: 28.65 | F9: 1.2179539 | G9: 2.0015405 | H9: 0.43436724 | I9: 34.863 | J9: 12.375246 | K9: 16.080263 | L9: 8.6702296
A10: 35.49 | B10: 5.8920295 | C10: 8.6528495 | D10: 3.1312095 | E10: 32.07 | F10: 1.2433506 | G10: 2.002885 | H10: 0.48381623 | I10: 35.49 | J10: 12.367145 | K10: 16.029753 | L10: 8.7045379
A11: 38.91 | B11: 5.8573556 | C11: 8.4797044 | D11: 3.2350069 | E11: 35.49 | F11: 1.2682986 | G11: 2.0026931 | H11: 0.53390422 | I11: 38.91 | J11: 12.322633 | K11: 15.863297 | L11: 8.7819685
A12: 42.33 | B12: 5.8223058 | C12: 8.3943483 | D12: 3.2502633 | E12: 38.91 | F12: 1.2927979 | G12: 2.0009771 | H12: 0.5846187 | I12: 42.33 | J12: 12.277569 | K12: 15.740904 | L12: 8.8142348
A13: 45.75 | B13: 5.78688 | C13: 8.219637 | D13: 3.354123 | E13: 42.33 | F13: 1.3168485 | G13: 2.0253539 | H13: 0.60834305 | I13: 45.75 | J13: 12.231955 | K13: 15.527573 | L13: 8.9363371
A14: 52.59 | B14: 5.7149004 | C14: 8.0762682 | D14: 3.3535327 | E14: 45.75 | F14: 1.3404503 | G14: 2.0209909 | H14: 0.65990966 | I14: 52.554 | J14: 12.139568 | K14: 15.324526 | L14: 8.9546107
A15: 56.01 | B15: 5.6783467 | C15: 7.9890885 | D15: 3.3676049 | E15: 49.17 | F15: 1.3636033 | G15: 2.0340234 | H15: 0.69318326 | I15: 52.59 | J15: 12.139074 | K15: 15.324168 | L15: 8.9539796
... A69: 339.87 | B69: 1.3337535 | C69: 4.0249948 | D69: -1.3574878 | E69: 339.87 | F69: 1.6914729 | G69: 2.3945934 | H69: 0.98835231 | I69: 343.29 | J69: 6.1546025 | K69: 10.394085 | L69: 1.9151205
A70: 343.29 | B70: 1.2656182 | C70: 4.3214922 | D70: -1.7902558 | E70: 343.29 | F70: 1.6760344 | G70: 2.4613965 | H70: 0.89067225

Sheet ENTROPY
A1: Treatment | B1: Distance TIM | C1: Lower_CI | D1: Upper_CI | E1: Treatment | F1: Distance MD | G1: Lower_CI | H1: Upper_CI | I1: Treatment | J1: Distance totale | K1: Lower_CI | L1: Upper_CI
A2: 0.42 | B2: 8.4000226 | C2: 13.185637 | D2: 3.6144086 | E2: 0.398 | F2: 1.7898566 | G2: 2.9718662 | H2: 0.6078469 | I2: 0.399 | J2: 17.93295 | K2: 24.357732 | L2: 11.508168 | N2: =MIN(J:J) -> 11.255459
A3: 0.461 | B3: 7.6285726 | C3: 12.779904 | D3: 2.477241 | E3: 0.44 | F3: 1.792781 | G3: 3.0374707 | H3: 0.54809134 | I3: 0.448 | J3: 16.547089 | K3: 23.392716 | L3: 9.7014625 | N3: =MAX(J:J) -> 17.93295
A4: 0.508 | B4: 6.8643779 | C4: 10.889563 | D4: 2.8391924 | E4: 0.484 | F4: 1.7967654 | G4: 2.9279359 | H4: 0.66559487 | I4: 0.49 | J4: 15.487324 | K4: 21.333219 | L4: 9.6414299
A5: 0.529 | B5: 6.5644123 | C5: 10.241073 | D5: 2.8877514 | E5: 0.512 | F5: 1.7997914 | G5: 2.8089805 | H5: 0.79060236 | I5: 0.518 | J5: 14.846514 | K5: 20.047916 | L5: 9.6451122
A6: 0.55 | B6: 6.2900688 | C6: 9.6649452 | D6: 2.9151924 | E6: 0.546 | F6: 1.8039788 | G6: 2.685821 | H6: 0.92213663 | I6: 0.548 | J6: 14.218258 | K6: 18.73635 | L6: 9.7001657
A7: 0.563 | B7: 6.1330772 | C7: 9.2223186 | D7: 3.0438358 | E7: 0.548 | F7: 1.8042427 | G7: 2.6687445 | H7: 0.93974079 | I7: 0.562 | J7: 13.94572 | K7: 18.121154 | L7: 9.7702856
A8: 0.569 | B8: 6.0639312 | C8: 9.0741867 | D8: 3.0536757 | E8: 0.562 | F8: 1.806144 | G8: 2.6069963 | H8: 1.0052917 | I8: 0.568 | J8: 13.83294 | K8: 17.880425 | L8: 9.7854563
A9: 0.576 | B9: 5.9859044 | C9: 8.884501 | D9: 3.0873077 | E9: 0.568 | F9: 1.8069881 | G9: 2.5840148 | H9: 1.0299613 | I9: 0.582 | J9: 13.579174 | K9: 17.429338 | L9: 9.7290098
A10: 0.59 | B10: 5.8383914 | C10: 8.6867584 | D10: 2.9900245 | E10: 0.582 | F10: 1.8090257 | G10: 2.5598349 | H10: 1.0582164 | I10: 0.589 | J10: 13.457218 | K10: 17.122262 | L10: 9.7921751
A11: 0.597 | B11: 5.7689053 | C11: 8.5365249 | D11: 3.0012857 | E11: 0.589 | F11: 1.8100802 | G11: 2.5261684 | H11: 1.093992 | I11: 0.595 | J11: 13.3553 | K11: 16.994631 | L11: 9.715968
A12: 0.61 | B12: 5.6474126 | C12: 8.2072652 | D12: 3.0875599 | E12: 0.596 | F12: 1.8111586 | G12: 2.5236426 | H12: 1.0986747 | I12: 0.596 | J12: 13.338548 | K12: 17.038949 | L12: 9.6381466
A13: 0.617 | B13: 5.5860604 | C13: 8.1343175 | D13: 3.0378033 | E13: 0.611 | F13: 1.8135498 | G13: 2.4975764 | H13: 1.1295233 | I13: 0.611 | J13: 13.095315 | K13: 16.586871 | L13: 9.6037598
A14: 0.631 | B14: 5.4718967 | C14: 7.8809841 | D14: 3.0628094 | E14: 0.618 | F14: 1.8147032 | G14: 2.4724689 | H14: 1.1569375 | I14: 0.618 | J14: 12.986969 | K14: 16.396974 | L14: 9.5769643
A15: 0.638 | B15: 5.4190852 | C15: 7.9300052 | D15: 2.9081653 | E15: 0.633 | F15: 1.8172549 | G15: 2.4550923 | H15: 1.1794176 | I15: 0.633 | J15: 12.76586 | K15: 16.129801 | L15: 9.4019188
... A41: 0.91 | B41: 5.571518 | C41: 8.627392 | D41: 2.515644 | E41: 0.91 | F41: 1.8840576 | G41: 2.6535538 | H41: 1.1145614 | I41: 0.903 | J41: 11.365299 | K41: 15.352867 | L41: 7.3777308
I42: 0.91 | J42: 11.393984 | K42: 15.502348 | L42: 7.2856203

Sheet FEUX_R_ARE
A1: Treatment | B1: Distance TIM | C1: Lower_CI | D1: Upper_CI | E1: Treatment | F1: Distance MD | G1: Lower_CI | H1: Upper_CI | I1: Treatment | J1: Distance totale | K1: Lower_CI | L1: Upper_CI
A2: 8.118 | B2: 5.6944084 | C2: 14.804372 | D2: -3.4155556 | E2: 8.118 | F2: 1.5630773 | G2: 2.4753666 | H2: 0.65078799 | I2: 8.118 | J2: 12.258695 | K2: 19.591411 | L2: 4.9259801 | N2: =MIN(J:J) -> 8.0220463
A3: 27.06 | B3: 5.5645963 | C3: 10.865478 | D3: 0.26371418 | E3: 27.06 | F3: 1.5775838 | G3: 2.1791527 | H3: 0.97601492 | I3: 27.06 | J3: 12.077741 | K3: 16.422025 | L3: 7.7334571 | N3: =MAX(J:J) -> 12.258695
A4: 42.011 | B4: 5.4634443 | C4: 10.062761 | D4: 0.86412788 | E4: 45.1 | F4: 1.5911165 | G4: 2.1503509 | H4: 1.0318822 | I4: 45.1 | J4: 11.909071 | K4: 15.640417 | L4: 8.1777247
A5: 45.1 | B5: 5.4426894 | C5: 10.025402 | D5: 0.85997678 | E5: 63.14 | F5: 1.6043732 | G5: 2.1530308 | H5: 1.0557157 | I5: 63.14 | J5: 11.743978 | K5: 15.281398 | L5: 8.2065588
A6: 63.14 | B6: 5.3224642 | C6: 9.5932211 | D6: 1.0517072 | E6: 81.18 | F6: 1.6173539 | G6: 2.1551078 | H6: 1.0795999 | I6: 99.22 | J6: 11.424528 | K6: 14.687947 | L6: 8.1611077
A7: 81.18 | B7: 5.2039206 | C7: 9.2797454 | D7: 1.1280957 | E7: 99.22 | F7: 1.6300584 | G7: 2.1649385 | H7: 1.0951784 | I7: 117.26 | J7: 11.270169 | K7: 14.597865 | L7: 7.9424727
A8: 99.22 | B8: 5.0870586 | C8: 8.9225625 | D8: 1.2515548 | E8: 117.26 | F8: 1.642487 | G8: 2.1912176 | H8: 1.0937564 | I8: 135.3 | J8: 11.119388 | K8: 14.607877 | L8: 7.6308993
A9: 117.26 | B9: 4.9718783 | C9: 8.8292768 | D9: 1.1144799 | E9: 135.3 | F9: 1.6546394 | G9: 2.2344525 | H9: 1.0748264 | I9: 153.34 | J9: 10.972185 | K9: 14.523396 | L9: 7.4209747
A10: 135.3 | B10: 4.8583797 | C10: 8.7850841 | D10: 0.93167524 | E10: 153.34 | F10: 1.6665159 | G10: 2.2693182 | H10: 1.0637135 | I10: 171.38 | J10: 10.828561 | K10: 14.394886 | L10: 7.2622352
A11: 153.34 | B11: 4.7465627 | C11: 8.6410237 | D11: 0.85210164 | E11: 171.38 | F11: 1.6781162 | G11: 2.2955611 | H11: 1.0606714 | I11: 189.42 | J11: 10.688514 | K11: 14.459414 | L11: 6.9176137
A12: 171.38 | B12: 4.6364273 | C12: 8.5463655 | D12: 0.72648911 | E12: 189.42 | F12: 1.6894405 | G12: 2.3480527 | H12: 1.0308283 | I12: 207.46 | J12: 10.552045 | K12: 14.47863 | L12: 6.6254592
A13: 189.42 | B13: 4.5279736 | C13: 8.5449777 | D13: 0.51096946 | E13: 207.46 | F13: 1.7004888 | G13: 2.4009605 | H13: 1.0000171 | I13: 225.5 | J13: 10.419153 | K13: 14.361237 | L13: 6.4770699
A14: 207.46 | B14: 4.4212015 | C14: 8.5855703 | D14: 0.25683273 | E14: 225.5 | F14: 1.711261 | G14: 2.4274298 | H14: 0.99509212 | I14: 243.54 | J14: 10.28984 | K14: 14.294747 | L14: 6.2849332
A15: 225.5 | B15: 4.3161111 | C15: 8.4863245 | D15: 0.1458976 | E15: 243.54 | F15: 1.7217571 | G15: 2.4628432 | H15: 0.98067098 | I15: 261.58 | J15: 10.164105 | K15: 14.323983 | L15: 6.0042267
... A36: 1343.98 | B36: 1.0847562 | C36: 8.5506591 | D36: -6.3811467 | E36: 1596.54 | F36: 1.7222109 | G36: 3.0946114 | H36: 0.34981042 | I36: 1596.54 | J36: 10.788389 | K36: 19.442177 | L36: 2.1346009
A37: 1596.54 | B37: 1.2497304 | C37: 7.4191364 | D37: -4.9196756

Sheet MAX_DTV
A1: Treatment | B1: Distance TIM | C1: Lower_CI | D1: Upper_CI | E1: Treatment | F1: Distance MD | G1: Lower_CI | H1: Upper_CI | I1: Treatment | J1: Distance totale | K1: Lower_CI | L1: Upper_CI
A2: 1398.6 | B2: 7.0440844 | C2: 10.702871 | D2: 3.3852978 | E2: 1150.848 | F2: 1.4611883 | G2: 1.8657688 | H2: 1.0566078 | I2: 1398.6 | J2: 14.993366 | K2: 17.221635 | L2: 12.765098 | N2: =MIN(J:J) -> 10.612309
A3: 1798.2 | B3: 6.947252 | C3: 10.415763 | D3: 3.4787409 | E3: 1398.6 | F3: 1.4753653 | G3: 1.8438047 | H3: 1.1069258 | I3: 2197.8 | J3: 14.619131 | K3: 16.300079 | L3: 12.938182 | N3: =MAX(J:J) -> 14.993366
A4: 2197.8 | B4: 6.8527334 | C4: 10.045574 | D4: 3.6598931 | E4: 1798.2 | F4: 1.4978274 | G4: 1.8312595 | H4: 1.1643953 | I4: 2597.4 | J4: 14.438266 | K4: 15.921896 | L4: 12.954637
A5: 2597.4 | B5: 6.7605289 | C5: 9.6805487 | D5: 3.840509 | E5: 2197.8 | F5: 1.5197908 | G5: 1.8087042 | H5: 1.2308774 | I5: 2997 | J5: 14.261571 | K5: 15.781322 | L5: 12.74182
A6: 2997 | B6: 6.6706383 | C6: 9.4077695 | D6: 3.933507 | E6: 2597.4 | F6: 1.5412555 | G6: 1.8092903 | H6: 1.2732207 | I6: 3396.6 | J6: 14.089045 | K6: 15.507666 | L6: 12.670423
A7: 3396.6 | B7: 6.5830616 | C7: 9.0520372 | D7: 4.1140861 | E7: 2997 | F7: 1.5622215 | G7: 1.8511109 | H7: 1.2733321 | I7: 3796.2 | J7: 13.920687 | K7: 15.194411 | L7: 12.646963
A8: 3796.2 | B8: 6.4977989 | C8: 8.7296638 | D8: 4.265934 | E8: 3396.6 | F8: 1.5826887 | G8: 1.8584215 | H8: 1.306956 | I8: 4195.8 | J8: 13.756499 | K8: 15.02315 | L8: 12.489847
A9: 4195.8 | B9: 6.4148502 | C9: 8.4980896 | D9: 4.3316108 | E9: 3796.2 | F9: 1.6026573 | G9: 1.8559952 | H9: 1.3493194 | I9: 4595.4 | J9: 13.596479 | K9: 14.901601 | L9: 12.291357
A10: 4595.4 | B10: 6.3342154 | C10: 8.3278073 | D10: 4.3406235 | E10: 4195.8 | F10: 1.6221271 | G10: 1.870044 | H10: 1.3742103 | I10: 5394.6 | J10: 13.288947 | K10: 14.359234 | L10: 12.218659
A11: 4995 | B11: 6.2558946 | C11: 8.1030323 | D11: 4.4087569 | E11: 4228.979 | F11: 1.6237213 | G11: 1.8807764 | H11: 1.3666662 | I11: 5794.2 | J11: 13.141434 | K11: 14.340767 | L11: 11.942101
A12: 5394.6 | B12: 6.1798877 | C12: 7.8814802 | D12: 4.4782953 | E12: 4595.4 | F12: 1.6410982 | G12: 1.9102522 | H12: 1.3719443 | I12: 6193.8 | J12: 12.99809 | K12: 14.28173 | L12: 11.714451
A13: 5794.2 | B13: 6.1061949 | C13: 7.8071476 | D13: 4.4052421 | E13: 4855.423 | F13: 1.6531751 | G13: 1.9065171 | H13: 1.3998331 | I13: 6593.4 | J13: 12.858916 | K13: 14.315086 | L13: 11.402746
A14: 6193.8 | B14: 6.0348159 | C14: 7.6780689 | D14: 4.3915629 | E14: 5394.6 | F14: 1.6775443 | G14: 1.9168683 | H14: 1.4382203 | I14: 6993 | J14: 12.72391 | K14: 14.440243 | L14: 11.007577
A15: 6593.4 | B15: 5.9657509 | C15: 7.5807028 | D15: 4.3507991 | E15: 5794.2 | F15: 1.6950193 | G15: 1.9559826 | H15: 1.434056 | I15: 7392.6 | J15: 12.593073 | K15: 14.569023 | L15: 10.617124
... A50: 31768.2 | B50: 6.2795988 | C50: 10.946331 | D50: 1.6128665 | E50: 21378.6 | F50: 1.9875442 | G50: 2.9134136 | H50: 1.0616749 | I50: 36163.8 | J50: 14.128877 | K50: 19.723245 | L50: 8.5345088
A51: 36163.8 | B51: 7.2761789 | C51: 12.119451 | D51: 2.4329069 | E51: 22977 | F51: 1.9746572 | G51: 2.6655093 | H51: 1.283805
E52: 23376.6 | F52: 1.9701886 | G52: 2.7622746 | H52: 1.1781026
E53: 26573.4 | F53: 1.9164864 | G53: 3.0030311 | H53: 0.82994166
E54: 27372.6 | F54: 1.8980737 | G54: 2.6449784 | H54: 1.1511689
E55: 28571.4 | F55: 1.8667142 | G55: 2.6652812 | H55: 1.0681472
E56: 33366.6 | F56: 1.6963919 | G56: 2.5614893 | H56: 0.8312946
E57: 36163.8 | F57: 1.5638726 | G57: 2.5237597 | H57: 0.60398559

Sheet P_comb_tc
A1: Treatment | B1: Distance TIM | C1: Lower_CI | D1: Upper_CI | E1: Treatment | F1: Distance MD | G1: Lower_CI | H1: Upper_CI | I1: Treatment | J1: Distance totale | K1: Lower_CI | L1: Upper_CI
A2: 2741.208 | B2: 6.2487149 | C2: 13.011243 | D2: -0.51381341 | E2: 2741.208 | F2: 1.245839 | G2: 2.1343294 | H2: 0.35734849 | I2: 2741.208 | J2: 12.853575 | K2: 22.119247 | L2: 3.5879028 | N2: =MIN(J:J) -> 5.3654436
A3: 4143.958 | B3: 6.2294539 | C3: 12.503558 | D3: -0.044649774 | E3: 4143.958 | F3: 1.2578177 | G3: 2.0970569 | H3: 0.41857856 | I3: 4143.958 | J3: 12.776419 | K3: 21.232191 | L3: 4.3206469 | N3: =MAX(J:J) -> 12.853575
A4: 5546.71 | B4: 6.2089178 | C4: 12.387122 | D4: 0.030713394 | E4: 5546.71 | F4: 1.2698823 | G4: 2.0913245 | H4: 0.44844004 | I4: 5546.71 | J4: 12.699003 | K4: 20.711019 | L4: 4.686986
A5: 6949.46 | B5: 6.1871068 | C5: 12.267527 | D5: 0.10668661 | E5: 8352.211 | F5: 1.2942688 | G5: 2.0547254 | H5: 0.53381219 | I5: 8352.211 | J5: 12.543388 | K5: 19.715698 | L5: 5.3710785
A6: 8352.211 | B6: 6.1640209 | C6: 11.973962 | D6: 0.35407999 | E6: 9754.962 | F6: 1.3065908 | G6: 2.0481862 | H6: 0.56499537 | I6: 9754.962 | J6: 12.465191 | K6: 19.240706 | L6: 5.689675
A7: 9754.962 | B7: 6.13966 | C7: 11.7801 | D7: 0.49921947 | E7: 11157.713 | F7: 1.3189986 | G7: 2.049728 | H7: 0.58826914 | I7: 11157.713 | J7: 12.386732 | K7: 18.856378 | L7: 5.9170868
A8: 11157.713 | B8: 6.1140241 | C8: 11.568955 | D8: 0.65909328 | E8: 12560.464 | F8: 1.3314922 | G8: 2.0428007 | H8: 0.62018359 | I8: 12560.464 | J8: 12.308014 | K8: 18.48274 | L8: 6.1332872
A9: 11444.639 | B9: 6.1086234 | C9: 11.560511 | D9: 0.6567361 | E9: 13963.214 | F9: 1.3440715 | G9: 2.0272034 | H9: 0.66093966 | I9: 13963.214 | J9: 12.229034 | K9: 18.04679 | L9: 6.411279
A10: 12560.464 | B10: 6.0871133 | C10: 11.413641 | D10: 0.7605858 | E10: 15365.966 | F10: 1.3567367 | G10: 2.0452299 | H10: 0.66824354 | I10: 15365.966 | J10: 12.149795 | K10: 17.837508 | L10: 6.4620812
A11: 13963.214 | B11: 6.0589276 | C11: 11.200711 | D11: 0.91714396 | E11: 19574.219 | F11: 1.3952471 | G11: 2.0218828 | H11: 0.76861152 | I11: 19574.219 | J11: 11.910513 | K11: 16.565571 | L11: 7.2554547
A12: 15365.966 | B12: 6.0294668 | C12: 11.212378 | D12: 0.84655605 | E12: 20976.97 | F12: 1.4082555 | G12: 2.0135687 | H12: 0.80294239 | I12: 20976.97 | J12: 11.830231 | K12: 16.25449 | L12: 7.4059726
A13: 19574.219 | B13: 5.9334349 | C13: 10.453578 | D13: 1.4132916 | E13: 22379.72 | F13: 1.4213498 | G13: 2.0315053 | H13: 0.81119416 | I13: 22379.72 | J13: 11.749689 | K13: 16.015664 | L13: 7.4837152
A14: 20976.97 | B14: 5.8988743 | C14: 10.23699 | D14: 1.5607586 | E14: 23782.471 | F14: 1.4345298 | G14: 2.0317552 | H14: 0.83730429 | I14: 23782.471 | J14: 11.668887 | K14: 15.720123 | L14: 7.6176505
A15: 22379.72 | B15: 5.8630389 | C15: 10.075296 | D15: 1.6507814 | E15: 26587.973 | F15: 1.4611472 | G15: 2.0952187 | H15: 0.8270757 | I15: 25185.222 | J15: 11.587824 | K15: 15.676767 | L15: 7.4988808
... A63: 107947.52 | B63: 1.2661324 | C63: 4.6779415 | D63: -2.1456767 | E63: 121975.03 | F63: 2.570355 | G63: 3.4429796 | H63: 1.6977304 | I63: 107947.52 | J63: 6.3440766 | K63: 10.914798 | L63: 1.773355
A64: 113558.53 | B64: 0.79895185 | C64: 4.3259009 | D64: -2.7279972 | I64: 113558.53 | J64: 5.9557492 | K64: 10.674404 | L64: 1.2370942
A65: 114961.28 | B65: 0.67896919 | C65: 4.2110901 | D65: -2.8531517 | I65: 114961.28 | J65: 5.858016 | K65: 10.606314 | L65: 1.1097182
A66: 121975.03 | B66: 0.059932089 | C66: 3.4040961 | D66: -3.2842319 | I66: 121975.03 | J66: 5.3654436 | K66: 9.9108676 | L66: 0.82001963

Sheet P_comb_tim
A1: Treatment | B1: Distance TIM | C1: Lower_CI | D1: Upper_CI | E1: Treatment | F1: Distance MD | G1: Lower_CI | H1: Upper_CI | I1: Treatment | J1: Distance totale | K1: Lower_CI | L1: Upper_CI
A2: 8812.454 | B2: 8.1422731 | C2: 10.477422 | D2: 5.8071241 | E2: 8812.454 | F2: 1.609304 | G2: 2.1487446 | H2: 1.0698633 | I2: 8812.454 | J2: 20.226135 | K2: 24.555192 | L2: 15.897078
A3: 10988.071 | B3: 7.9489622 | C3: 11.056144 | D3: 4.84178 | E3: 9680.753 | F3: 1.5844395 | G3: 2.1578311 | H3: 1.0110478 | I3: 10549.053 | J3: 19.254516 | K3: 24.051083 | L3: 14.457948
A4: 13588.102 | B4: 7.6910141 | C4: 10.522438 | D4: 4.8595906 | E4: 12719.802 | F4: 1.5172573 | G4: 2.1678468 | H4: 0.86666782 | I4: 13433.518 | J4: 17.746805 | K4: 21.699331 | L4: 13.794279
A5: 14890.551 | B5: 7.5507762 | C5: 9.5756006 | D5: 5.5259519 | E5: 14022.251 | F5: 1.4979144 | G5: 2.0495614 | H5: 0.94626744 | I5: 14890.551 | J5: 17.035582 | K5: 19.596549 | L5: 14.474614
A6: 15758.85 | B6: 7.4531969 | C6: 9.3804733 | D6: 5.5259206 | E6: 14890.551 | F6: 1.4881689 | G6: 1.9120106 | H6: 1.0643273 | I6: 15758.85 | J6: 16.627815 | K6: 18.98795 | L6: 14.267679
A7: 17495.45 | B7: 7.2482283 | C7: 9.0363696 | D7: 5.460087 | E7: 15758.85 | F7: 1.4809433 | G7: 1.8839232 | H7: 1.0779635 | I7: 17495.45 | J7: 15.8483 | K7: 18.026851 | L7: 13.669748
A8: 17929.6 | B8: 7.1949424 | C8: 8.7902498 | D8: 5.5996351 | E8: 17495.45 | F8: 1.4740516 | G8: 1.89487 | H8: 1.0532332 | I8: 18363.749 | J8: 15.476552 | K8: 17.301418 | L8: 13.651687
A9: 18363.749 | B9: 7.1408392 | C9: 8.7497037 | D9: 5.5319746 | E9: 18363.749 | F9: 1.4743855 | G9: 1.8309237 | H9: 1.1178473 | I9: 18797.899 | J9: 15.295181 | K9: 17.288402 | L9: 13.30196
A10: 18797.899 | B10: 7.0859183 | C10: 8.8494933 | D10: 5.3223433 | E10: 18797.899 | F10: 1.4754974 | G10: 1.8693782 | H10: 1.0816166 | I10: 19232.049 | J10: 15.116811 | K10: 17.187213 | L10: 13.04641
A11: 20100.348 | B11: 6.916251 | C11: 9.2672241 | D11: 4.5652778 | E11: 19232.049 | F11: 1.4772393 | G11: 1.9002003 | H11: 1.0542783 | I11: 20100.348 | J11: 14.769077 | K11: 17.261829 | L11: 12.276326
A12: 21043.111 | B12: 6.788849 | C12: 8.9984412 | D12: 4.5792568 | E12: 20100.348 | F12: 1.4826129 | G12: 1.9829746 | H12: 0.98225113 | I12: 21402.798 | J12: 14.269988 | K12: 16.337563 | L12: 12.202412
A13: 21836.948 | B13: 6.6785828 | C13: 8.6974107 | D13: 4.6597549 | E13: 20570.546 | F13: 1.4865745 | G13: 1.9998619 | H13: 0.97328711 | I13: 21836.948 | J13: 14.109628 | K13: 16.127907 | L13: 12.091349
... A54: 47017.636 | B54: 1.762554 | C54: 4.299506 | D54: -0.77439802 | E54: 41373.688 | F54: 2.401403 | G54: 2.7190733 | H54: 2.0837327 | I54: 40408.692 | J54: 10.060414 | K54: 11.940871 | L54: 8.1799583
E55: 41807.838 | F55: 2.4359029 | G55: 2.7454084 | H55: 2.1263973 | I55: 40939.538 | J55: 10.025418 | K55: 11.985127 | L55: 8.0657084
E56: 42241.988 | F56: 2.4710327 | G56: 2.8359484 | H56: 2.106117 | I56: 41373.688 | J56: 10.000131 | K56: 11.84667 | L56: 8.1535933
E57: 43978.587 | F57: 2.6178516 | G57: 3.2377094 | H57: 1.9979938 | I57: 41807.838 | J57: 9.977847 | K57: 11.664731 | L57: 8.2909633
E58: 45281.036 | F58: 2.7345803 | G58: 3.4931521 | H58: 1.9760084 | I58: 42241.988 | J58: 9.9585641 | K58: 12.061915 | L58: 7.8552131
I59: 43978.587 | J59: 9.9114492 | K59: 13.427387 | L59: 6.3955116
I60: 46995.928 | J60: 9.943803 | K60: 13.396577 | L60: 6.491029

Sheet R_EMPHAB
A1: Treatment | B1: Distance TIM | C1: Lower_CI | D1: Upper_CI | E1: Treatment | F1: Distance MD | G1: Lower_CI | H1: Upper_CI | I1: Treatment | J1: Distance totale | K1: Lower_CI | L1: Upper_CI
A2: 0.095 | B2: 8.6965102 | C2: 14.837087 | D2: 2.5559332 | E2: 0.095 | F2: 0.68599353 | G2: 2.1297906 | H2: -0.75780349 | I2: 0.095 | J2: 18.844302 | K2: 27.672914 | L2: 10.01569 | N2: =MIN(J:J) -> 11.509264
A3: 0.195 | B3: 7.4619643 | C3: 12.371206 | D3: 2.5527221 | E3: 0.195 | F3: 0.87146044 | G3: 2.1051562 | H3: -0.36223531 | I3: 0.195 | J3: 16.421792 | K3: 23.50394 | L3: 9.3396433 | N3: =MAX(J:J) -> 18.844302
A4: 0.295 | B4: 6.4797662 | C4: 10.635587 | D4: 2.323945 | E4: 0.295 | F4: 1.0518262 | G4: 2.1198149 | H4: -0.016162545 | I4: 0.295 | J4: 14.479283 | K4: 20.385668 | L4: 8.572898
A5: 0.395 | B5: 5.7499158 | C5: 8.9144018 | D5: 2.5854299 | E5: 0.395 | F5: 1.2270907 | G5: 2.0497419 | H5: 0.40443951 | I5: 0.395 | J5: 13.016776 | K5: 17.354861 | L5: 8.6786911
A6: 0.495 | B6: 5.2724132 | C6: 8.0400851 | D6: 2.5047414 | E6: 0.495 | F6: 1.3972541 | G6: 2.155622 | H6: 0.63888611 | I6: 0.495 | J6: 12.03427 | K6: 15.691626 | L6: 8.3769147
A7: 0.695 | B7: 5.0744514 | C7: 8.2540343 | D7: 1.8948685 | E7: 0.695 | F7: 1.7222772 | G7: 2.6941756 | H7: 0.75037883 | I7: 0.695 | J7: 11.509264 | K7: 16.005095 | L7: 7.0134325
A8: 0.795 | B8: 5.3539921 | C8: 8.9747217 | D8: 1.7332625 | E8: 0.795 | F8: 1.8771371 | G8: 2.9464779 | H8: 0.8077962 | I8: 0.795 | J8: 11.966763 | K8: 17.317377 | L8: 6.6161485
A9: 0.895 | B9: 5.8858806 | C9: 13.06244 | D9: -1.2906791 | E9: 0.895 | F9: 2.0268957 | G9: 3.9161272 | H9: 0.13766414 | I9: 0.895 | J9: 12.904263 | K9: 22.869791 | L9: 2.9387343
A10: 0.995 | B10: 6.6701168 | C10: 11.167441 | D10: 2.1727928 | E10: 0.995 | F10: 2.1715531 | G10: 3.2504344 | H10: 1.0926719 | I10: 0.995 | J10: 14.321765 | K10: 20.790253 | L10: 7.8532766

Sheet ROAD_DENS
A1: Treatment | B1: Distance TIM | C1: Lower_CI | D1: Upper_CI | E1: Treatment | F1: Distance MD | G1: Lower_CI | H1: Upper_CI | I1: Treatment | J1: Distance totale | K1: Lower_CI | L1: Upper_CI
A2: 4.882 | B2: 10.456211 | C2: 14.138864 | D2: 6.7735586 | E2: 4.848 | F2: 1.1461001 | G2: 1.9155963 | H2: 0.37660384 | I2: 4.882 | J2: 16.07273 | K2: 22.664102 | L2: 9.4813577 | N2: =MIN(J:J) -> 9.6760082
A3: 5.495 | B3: 10.277192 | C3: 14.050794 | D3: 6.5035893 | E3: 5.272 | F3: 1.1594236 | G3: 1.9509744 | H3: 0.36787276 | I3: 5.495 | J3: 15.899834 | K3: 22.496845 | L3: 9.3028223 | N3: =MAX(J:J) -> 16.07273
A4: 6.348 | B4: 10.033527 | C4: 13.910933 | D4: 6.1561219 | E4: 5.956 | F4: 1.1807217 | G4: 2.0065522 | H4: 0.3548912 | I4: 6.108 | J4: 15.729305 | K4: 22.532159 | L4: 8.9264513
A5: 7.334 | B5: 9.759766 | C5: 13.592032 | D5: 5.9274998 | E5: 7.323 | F5: 1.2225635 | G5: 2.0938867 | H5: 0.35124036 | I5: 7.334 | J5: 15.395352 | K5: 21.934287 | L5: 8.8564168
A6: 7.946 | B6: 9.5941034 | C6: 13.412969 | D6: 5.7752375 | E6: 8.007 | F6: 1.2431379 | G6: 2.1082851 | H6: 0.37799064 | I6: 7.946 | J6: 15.232192 | K6: 21.645163 | L6: 8.8192209
A7: 8.56 | B7: 9.4311769 | C7: 13.171498 | D7: 5.6908562 | E7: 8.69 | F7: 1.2634413 | G7: 2.1305023 | H7: 0.39638038 | I7: 8.56 | J7: 15.07087 | K7: 21.299051 | L7: 8.842689
A8: 9.172 | B8: 9.272048 | C8: 12.871307 | D8: 5.672789 | E8: 9.374 | F8: 1.2835333 | G8: 2.1437274 | H8: 0.4233392 | I8: 9.172 | J8: 14.912437 | K8: 20.840202 | L8: 8.9846725
A9: 9.785 | B9: 9.1159288 | C9: 12.578233 | D9: 5.6536249 | E9: 9.571 | F9: 1.2892752 | G9: 2.1351274 | H9: 0.44342304 | I9: 10.398 | J9: 14.602154 | K9: 19.960245 | L9: 9.2440625
A10: 10.398 | B10: 8.9630817 | C10: 12.292449 | D10: 5.6337144 | E10: 10.742 | F10: 1.3229931 | G10: 2.1066278 | H10: 0.53935833 | I10: 11.012 | J10: 14.450318 | K10: 19.538509 | L10: 9.3621273
A11: 11.012 | B11: 8.8132656 | C11: 11.981818 | D11: 5.6447135 | E11: 11.426 | F11: 1.3423609 | G11: 2.1083187 | H11: 0.57640316 | I11: 11.624 | J11: 14.301341 | K11: 19.072726 | L11: 9.5299562
A12: 12.238 | B12: 8.5239436 | C12: 11.352637 | D12: 5.6952506 | E12: 12.11 | F12: 1.3614874 | G12: 2.1091657 | H12: 0.61380911 | I12: 12.238 | J12: 14.154249 | K12: 18.61977 | L12: 9.6887273
A13: 12.85 | B13: 8.3844162 | C13: 11.09579 | D13: 5.6730425 | E13: 12.793 | F13: 1.3803451 | G13: 2.0909092 | H13: 0.669781 | I13: 12.85 | J13: 14.01 | K13: 18.290422 | L13: 9.7295772
A14: 13.462 | B14: 8.2481504 | C14: 10.845348 | D14: 5.6509534 | E14: 13.477 | F14: 1.3989892 | G14: 2.0806516 | H14: 0.71732678 | I14: 13.462 | J14: 13.86811 | K14: 17.916124 | L14: 9.8200971
A15: 14.076 | B15: 8.114717 | C15: 10.570343 | D15: 5.6590909 | E15: 14.161 | F15: 1.4173919 | G15: 2.0972846 | H15: 0.73749924 | I15: 14.076 | J15: 13.728129 | K15: 17.498595 | L15: 9.9576633
... A55: 49.012 | B55: 5.9301363 | C55: 9.5099626 | D55: 2.3503099 | E55: 56.978 | F55: 2.0889042 | G55: 3.1201877 | H55: 1.0576206 | I55: 44.722 | J55: 9.7595746 | K55: 15.887956 | L55: 3.631193
A56: 50.852 | B56: 6.1097103 | C56: 9.9597397 | D56: 2.259681 | I56: 49.012 | J56: 9.6762227 | K56: 14.794785 | L56: 4.5576606
A57: 53.916 | B57: 6.4741639 | C57: 10.310284 | D57: 2.6380438 | I57: 50.852 | J57: 9.6760082 | K57: 15.146887 | L57: 4.2051299
A58: 55.754 | B58: 6.7320182 | C58: 10.309559 | D58: 3.1544773 | I58: 53.916 | J58: 9.7229907 | K58: 15.032246 | L58: 4.4137359
A59: 56.98 | B59: 6.9203705 | C59: 10.956431 | D59: 2.8843105 | I59: 54.57 | J59: 9.7406798 | K59: 14.827023 | L59: 4.6543364
I60: 55.754 | J60: 9.7795601 | K60: 14.703703 | L60: 4.8554175
I61: 56.98 | J61: 9.8291284 | K61: 15.423496 | L61: 4.2347604

Sheet TROTT_DENS
A1: Treatment | B1: Distance TIM | C1: Lower_CI | D1: Upper_CI | E1: Treatment | F1: Distance MD | G1: Lower_CI | H1: Upper_CI | I1: Treatment | J1: Distance totale | K1: Lower_CI | L1: Upper_CI
A2: 0.003 | B2: 7.5145656 | C2: 14.02992 | D2: 0.99921162 | E2: 0.001 | F2: 1.4112886 | G2: 2.3235779 | H2: 0.49899927 | I2: 0.003 | J2: 16.936684 | K2: 22.889316 | L2: 10.984053 | N2: =MIN(J:J) -> 10.684311
A3: 0.005 | B3: 7.3825519 | C3: 13.245331 | D3: 1.5197724 | E3: 0.003 | F3: 1.4363414 | G3: 2.2407516 | H3: 0.63193132 | I3: 0.005 | J3: 16.609682 | K3: 21.962796 | L3: 11.256568 | N3: =MAX(J:J) -> 16.936684
A4: 0.007 | B4: 7.2519166 | C4: 12.767409 | D4: 1.7364245 | E4: 0.004 | F4: 1.4488022 | G4: 2.2101899 | H4: 0.68741457 | I4: 0.007 | J4: 16.291462 | K4: 21.412915 | L4: 11.170009
A5: 0.009 | B5: 7.1226596 | C5: 12.359697 | D5: 1.8856225 | E5: 0.005 | F5: 1.4612193 | G5: 2.2197054 | H5: 0.70273318 | I5: 0.009 | J5: 15.982023 | K5: 20.882157 | L5: 11.08189
A6: 0.01 | B6: 7.058548 | C6: 12.058038 | D6: 2.0590584 | E6: 0.007 | F6: 1.4859222 | G6: 2.2300369 | H6: 0.74180748 | I6: 0.01 | J6: 15.830597 | K6: 20.458554 | L6: 11.202641
A7: 0.012 | B7: 6.9313586 | C7: 11.624519 | D7: 2.2381978 | E7: 0.009 | F7: 1.5104501 | G7: 2.2479457 | H7: 0.7729546 | I7: 0.012 | J7: 15.534332 | K7: 20.013176 | L7: 11.055488
A8: 0.014 | B8: 6.8055476 | C8: 11.352592 | D8: 2.2585027 | E8: 0.01 | F8: 1.5226485 | G8: 2.2398078 | H8: 0.80548917 | I8: 0.014 | J8: 15.246848 | K8: 19.689484 | L8: 10.804213
A9: 0.016 | B9: 6.6811149 | C9: 10.993877 | D9: 2.3683522 | E9: 0.012 | F9: 1.5469139 | G9: 2.256616 | H9: 0.83721186 | I9: 0.016 | J9: 14.968147 | K9: 19.221844 | L9: 10.71445
A10: 0.018 | B10: 6.5580606 | C10: 10.647872 | D10: 2.4682487 | E10: 0.014 | F10: 1.5710044 | G10: 2.2988308 | H10: 0.84317806 | I10: 0.018 | J10: 14.698227 | K10: 18.771787 | L10: 10.624668
A11: 0.02 | B11: 6.4363846 | C11: 10.402353 | D11: 2.4704162 | E11: 0.016 | F11: 1.59492 | G11: 2.314805 | H11: 0.87503498 | I11: 0.02 | J11: 14.43709 | K11: 18.38898 | L11: 10.485199
A12: 0.022 | B12: 6.316087 | C12: 10.120814 | D12: 2.5113602 | E12: 0.018 | F12: 1.6186605 | G12: 2.3301872 | H12: 0.90713383 | I12: 0.022 | J12: 14.184734 | K12: 18.070559 | L12: 10.298909
A13: 0.024 | B13: 6.1971678 | C13: 9.8485188 | D13: 2.5458168 | E13: 0.02 | F13: 1.6422261 | G13: 2.3629937 | H13: 0.9214585 | I13: 0.024 | J13: 13.94116 | K13: 17.717194 | L13: 10.165127
A14: 0.026 | B14: 6.0796269 | C14: 9.5852896 | D14: 2.5739643 | E14: 0.022 | F14: 1.6656167 | G14: 2.3956663 | H14: 0.93556715 | I14: 0.026 | J14: 13.706368 | K14: 17.37873 | L14: 10.034007
A15: 0.028 | B15: 5.9634645 | C15: 9.3701046 | D15: 2.5568243 | E15: 0.024 | F15: 1.6888324 | G15: 2.4097207 | H15: 0.9679441 | I15: 0.028 | J15: 13.480359 | K15: 17.102025 | L15: 9.8586922
... A46: 0.126 | B46: 1.9600016 | C46: 6.2555226 | D46: -2.3355194 | E46: 0.111 | F46: 2.5293635 | G46: 3.9555978 | H46: 1.1031293 | I46: 0.121 | J46: 12.669472 | K46: 18.153885 | L46: 7.185059
E47: 0.121 | F47: 2.6047612 | G47: 3.7597903 | H47: 1.449732 | I47: 0.126 | J47: 13.163771 | K47: 19.064081 | L47: 7.2634606
E48: 0.126 | F48: 2.6408196 | G48: 3.6959021 | H48: 1.5857372

Sheet TYPO_TD
A1: Treatment | B1: Distance TIM | C1: Lower_CI | D1: Upper_CI | E1: Treatment | F1: Distance MD | G1: Lower_CI | H1: Upper_CI | I1: Treatment | J1: Distance totale | K1: Lower_CI | L1: Upper_CI
A2: 1 | B2: 4.843272 | C2: 1.931543 | D2: 7.755001 | E2: 1 | F2: 2.1180978 | G2: 1.3486016 | H2: 2.8875941 | I2: 1 | J2: 12.936976 | K2: 8.872318 | L2: 17.04534 | N2: =MIN(J:J) -> 11.888032
A3: 2 | B3: 5.160391 | C3: 1.383792 | D3: 8.93699 | E3: 2 | F3: 2.094299 | G3: 1.1423449 | H3: 3.0462531 | I3: 2 | J3: 11.888032 | K3: 6.730724 | L3: 17.089046 | N3: =MAX(J:J) -> 21.19741
A4: 3 | B4: 6.745986 | C4: 4.237863 | D4: 9.254109 | E4: 3 | F4: 1.6262549 | G4: 1.0312836 | H4: 2.2291591 | I4: 3 | J4: 14.073332 | K4: 10.751676 | L4: 17.394988
A5: 4 | B5: 8.418068 | C5: 5.073904 | D5: 11.762232 | E5: 4 | F5: 1.3644675 | G5: 0.5791054 | H5: 2.1498296 | I5: 4 | J5: 17.569812 | K5: 13.1118 | L5: 21.984118
A6: 5 | B6: 9.917176 | C6: 5.852287 | D6: 13.982065 | E6: 5 | F6: 1.4279311 | G6: 0.47597704 | H6: 2.3719523 | I6: 5 | J6: 21.19741 | K6: 15.821572 | L6: 26.573248
A7: 6 | B7: 11.041507 | C7: 6.05409 | D7: 16.028924 | E7: 6 | F7: 1.4120652 | G7: 0.24592147 | H7: 2.578209 | I7: 6 | J7: 20.76035 | K7: 14.029626 | L7: 27.447368
A8: 7 | B8: 11.041507 | C8: 6.05409 | D8: 16.028924 | E8: 7 | F8: 1.4120652 | G8: 0.24592147 | H8: 2.578209 | I8: 7 | J8: 20.76035 | K8: 14.029626 | L8: 27.447368

Sheet W_OeV_KLASSE
A1: Treatment | B1: Distance TIM | C1: Lower_CI | D1: Upper_CI | E1: Treatment | F1: Distance MD | G1: Lower_CI | H1: Upper_CI | I1: Treatment | J1: Distance totale | K1: Lower_CI | L1: Upper_CI
A2: A | B2: 4.237863 | C2: 2.825242 | D2: 5.650484 | E2: A | F2: 1.7452492 | G2: 1.3803334 | H2: 2.1101649 | I2: A | J2: 10.314616 | K2: 8.391552 | L2: 12.23768 | N2: =MIN(J:J) -> 10.314616
A3: B | B3: 6.025261 | C3: 4.439666 | D3: 7.582027 | E3: B | F3: 1.6579867 | G3: 1.2613392 | H3: 2.0546342 | I3: B | J3: 12.587328 | K3: 10.445734 | L3: 14.685216 | N3: =MAX(J:J) -> 19.318052
A4: C | B4: 6.745986 | C4: 4.958588 | D4: 8.533384 | E4: C | F4: 1.285138 | G4: 0.84882572 | H4: 1.7293833 | I4: C | J4: 14.816334 | K4: 12.45621 | L4: 17.176458
A5: D | B5: 7.697343 | C5: 5.909945 | D5: 9.455912 | E5: D | F5: 1.0471495 | G5: 0.6108372 | H5: 1.4755288 | I5: D | J5: 16.433456 | K5: 14.117038 | L5: 18.749874
A6: Hors desserte | B6: 7.697343 | C6: 5.909945 | D6: 9.455912 | E6: Hors desserte | F6: 1.0550824 | G6: 0.33318393 | H6: 1.769048 | I6: Hors desserte | J6: 19.318052 | K6: 15.384512 | L6: 23.251592

Sheet Places_Parking
A1: Treatment | B1: Distance TIM | C1: Lower_CI | D1: Upper_CI | E1: Treatment | F1: Distance MD | G1: Lower_CI | H1: Upper_CI | I1: Treatment | J1: Distance totale | K1: Lower_CI | L1: Upper_CI
A2: 0 | B2: 3.315335 | C2: 1.499108 | D2: 5.131562 | E2: 0 | F2: 2.0625672 | G2: 1.5945231 | H2: 2.5385442 | I2: 0 | J2: 10.48944 | K2: 7.954492 | L2: 12.980682 | N2: =MIN(J:J) -> 10.48944
A3: 0.1 | B3: =((B$12-B$2)*$A3) + B$2 -> 3.5517328 | C3: =((C$12-C$2)*$A3) + C$2 -> 1.8046954 | D3: =((D$12-D$2)*$A3) + D$2 -> 5.3016531 | E3: 0.1 | F3: =((F$12-F$2)*$A3) + F$2 -> 2.032422 | G3: =((G$12-G$2)*$A3) + G$2 -> 1.5818304 | H3: =((H$12-H$2)*$A3) + H$2 -> 2.4901532 | I3: 0.1 | J3: =((J$12-J$2)*$A3) + J$2 -> 10.664264 | K3: =((K$12-K$2)*$A3) + K$2 -> 8.2254692 | L3: =((L$12-L$2)*$A3) + L$2 -> 13.063723 | N3: =MAX(J:J) -> 15.690454
A4: 0.2 | B4: =((B$12-B$2)*$A4) + B$2 -> 3.7881306 | C4: =((C$12-C$2)*$A4) + C$2 -> 2.1102828 | D4: =((D$12-D$2)*$A4) + D$2 -> 5.4717442 | E4: 0.2 | F4: =((F$12-F$2)*$A4) + F$2 -> 2.0022768 | G4: =((G$12-G$2)*$A4) + G$2 -> 1.5691376 | H4: =((H$12-H$2)*$A4) + H$2 -> 2.4417622 | I4: 0.2 | J4: =((J$12-J$2)*$A4) + J$2 -> 10.839088 | K4: =((K$12-K$2)*$A4) + K$2 -> 8.4964464 | L4: =((L$12-L$2)*$A4) + L$2 -> 13.146765
A5: 0.3 | B5: =((B$12-B$2)*$A5) + B$2 -> 4.0245284 | C5: =((C$12-C$2)*$A5) + C$2 -> 2.4158702 | D5: =((D$12-D$2)*$A5) + D$2 -> 5.6418353 | E5: 0.3 | F5: =((F$12-F$2)*$A5) + F$2 -> 1.9721315 | G5: =((G$12-G$2)*$A5) + G$2 -> 1.5564449 | H5: =((H$12-H$2)*$A5) + H$2 -> 2.3933712 | I5: 0.3 | J5: =((J$12-J$2)*$A5) + J$2 -> 11.013912 | K5: =((K$12-K$2)*$A5) + K$2 -> 8.7674236 | L5: =((L$12-L$2)*$A5) + L$2 -> 13.229806
A6: 0.4 | B6: =((B$12-B$2)*$A6) + B$2 -> 4.2609262 | C6: =((C$12-C$2)*$A6) + C$2 -> 2.7214576 | D6: =((D$12-D$2)*$A6) + D$2 -> 5.8119264 | E6: 0.4 | F6: =((F$12-F$2)*$A6) + F$2 -> 1.9419863 | G6: =((G$12-G$2)*$A6) + G$2 -> 1.5437522 | H6: =((H$12-H$2)*$A6) + H$2 -> 2.3449802 | I6: 0.4 | J6: =((J$12-J$2)*$A6) + J$2 -> 11.188736 | K6: =((K$12-K$2)*$A6) + K$2 -> 9.0384008 | L6: =((L$12-L$2)*$A6) + L$2 -> 13.312848
A7: 0.5 | B7: =((B$12-B$2)*$A7) + B$2 -> 4.497324 | C7: =((C$12-C$2)*$A7) + C$2 -> 3.027045 | D7: =((D$12-D$2)*$A7) + D$2 -> 5.9820175 | E7: 0.5 | F7: =((F$12-F$2)*$A7) + F$2 -> 1.9118411 | G7: =((G$12-G$2)*$A7) + G$2 -> 1.5310595 | H7: =((H$12-H$2)*$A7) + H$2 -> 2.2965892 | I7: 0.5 | J7: =((J$12-J$2)*$A7) + J$2 -> 11.36356 | K7: =((K$12-K$2)*$A7) + K$2 -> 9.309378 | L7: =((L$12-L$2)*$A7) + L$2 -> 13.395889
A8: 0.6 | B8: =((B$12-B$2)*$A8) + B$2 -> 4.7337218 | C8: =((C$12-C$2)*$A8) + C$2 -> 3.3326324 | D8: =((D$12-D$2)*$A8) + D$2 -> 6.1521086 | E8: 0.6 | F8: =((F$12-F$2)*$A8) + F$2 -> 1.8816959 | G8: =((G$12-G$2)*$A8) + G$2 -> 1.5183668 | H8: =((H$12-H$2)*$A8) + H$2 -> 2.2481982 | I8: 0.6 | J8: =((J$12-J$2)*$A8) + J$2 -> 11.538384 | K8: =((K$12-K$2)*$A8) + K$2 -> 9.5803552 | L8: =((L$12-L$2)*$A8) + L$2 -> 13.47893
A9: 0.7 | B9: =((B$12-B$2)*$A9) + B$2 -> 4.9701196 | C9: =((C$12-C$2)*$A9) + C$2 -> 3.6382198 | D9: =((D$12-D$2)*$A9) + D$2 -> 6.3221997 | E9: 0.7 | F9: =((F$12-F$2)*$A9) + F$2 -> 1.8515507 | G9: =((G$12-G$2)*$A9) + G$2 -> 1.505674 | H9: =((H$12-H$2)*$A9) + H$2 -> 2.1998072 | I9: 0.7 | J9: =((J$12-J$2)*$A9) + J$2 -> 11.713208 | K9: =((K$12-K$2)*$A9) + K$2 -> 9.8513324 | L9: =((L$12-L$2)*$A9) + L$2 -> 13.561972
A10: 0.8 | B10: =((B$12-B$2)*$A10) + B$2 -> 5.2065174 | C10: =((C$12-C$2)*$A10) + C$2 -> 3.9438072 | D10: =((D$12-D$2)*$A10) + D$2 -> 6.4922908 | E10: 0.8 | F10: =((F$12-F$2)*$A10) + F$2 -> 1.8214055 | G10: =((G$12-G$2)*$A10) + G$2 -> 1.4929813 | H10: =((H$12-H$2)*$A10) + H$2 -> 2.1514162 | I10: 0.8 | J10: =((J$12-J$2)*$A10) + J$2 -> 11.888032 | K10: =((K$12-K$2)*$A10) + K$2 -> 10.12231 | L10: =((L$12-L$2)*$A10) + L$2 -> 13.645013
A11: 0.9 | B11: =((B$12-B$2)*$A11) + B$2 -> 5.4429152 | C11: =((C$12-C$2)*$A11) + C$2 -> 4.2493946 | D11: =((D$12-D$2)*$A11) + D$2 -> 6.6623819 | E11: 0.9 | F11: =((F$12-F$2)*$A11) + F$2 -> 1.7912603 | G11: =((G$12-G$2)*$A11) + G$2 -> 1.4802886 | H11: =((H$12-H$2)*$A11) + H$2 -> 2.1030252 | I11: 0.9 | J11: =((J$12-J$2)*$A11) + J$2 -> 12.062856 | K11: =((K$12-K$2)*$A11) + K$2 -> 10.393287 | L11: =((L$12-L$2)*$A11) + L$2 -> 13.728055
A12: 1 | B12: 5.679313 | C12: 4.554982 | D12: 6.832473 | E12: 1 | F12: 1.7611151 | G12: 1.4675959 | H12: 2.0546342 | I12: 1 | J12: 12.23768 | K12: 10.664264 | L12: 13.811096
A13: 2 | B13: 8.821674 | C13: 6.861302 | D13: 10.753217 | E13: 2 | F13: 1.293071 | G13: 0.82502687 | H13: 1.7611151 | I13: 2 | J13: 15.690454 | K13: 13.068094 | L13: 18.312814
A14: 3 | B14: 8.389239 | C14: 5.045075 | D14: 11.762232 | E14: 3 | F14: 1.5072606 | G14: 0.70603261 | H14: 2.3084887 | I14: 3 | J14: 14.947452 | K14: 10.533146 | L14: 19.405464
A15: 4 | B15: 8.821674 | C15: 5.333365 | D15: 12.309983 | E15: 4 | F15: 0.91228933 | G15: 0.031731803 | H15: 1.7849139 | I15: 4 | J15: 15.253394 | K15: 10.402028 | L15: 20.061054
A16: 5 | B16: 8.821674 | C16: 5.333365 | D16: 12.309983 | E16: 5 | F16: 0.91228933 | G16: 0.031731803 | H16: 1.7849139 | I16: 5 | J16: 15.253394 | K16: 10.402028 | L16: 20.061054

Sheet enquêtes TIM
A1: y = ax^2 + bx + c | B1: a | C1: b | D1: c | E1: R2 | F1: Value | G1: Distance TIM | P1: A | Q1: 1
A2: Acc. gravitaire TIM | B2: 0 | C2: -0.00030435227 | D2: 18.847769 | E2: 0.35195129 | F2: =INDEX(RESULTATS!$C$2:$C$10,MATCH('enquêtes TIM'!A2,RESULTATS!$B$2:$B$10,0)) -> 25676 | G2: =(B2*(F2^2)) + (C2*F2) + D2 -> 11.033221 | P2: B | Q2: 2
A3: Acc. gravitaire TP | B3: 0 | C3: -9.6662184e-05 | D3: 14.625391 | E3: 0.48449093 | F3: =INDEX(RESULTATS!$C$2:$C$10,MATCH('enquêtes TIM'!A3,RESULTATS!$B$2:$B$10,0)) -> 13868 | G3: =(B3*(F3^2)) + (C3*F3) + D3 -> 13.28488 | P3: C | Q3: 3
A4: Dens. bâtiments (bât/m2) | B4: 0 | C4: -29.21144 | D4: 14.1678 | E4: 0.2842538 | F4: =INDEX(RESULTATS!$C$2:$C$10,MATCH('enquêtes TIM'!A4,RESULTATS!$B$2:$B$10,0)) -> 0.08 | G4: =(B4*(F4^2)) + (C4*F4) + D4 -> 11.830885 | P4: D | Q4: 4
A5: Dens. population (pop/ha) | B5: 0 | C5: -0.034336077 | D5: 13.211855 | E5: 0.32344373 | F5: =INDEX(RESULTATS!$C$2:$C$10,MATCH('enquêtes TIM'!A5,RESULTATS!$B$2:$B$10,0)) -> 43 | G5: =(B5*(F5^2)) + (C5*F5) + D5 -> 11.735404
A6: Entropie utilisation du sol | B6: 0 | C6: -14.437143 | D6: 19.555831 | E6: 0.13815134 | F6: =INDEX(RESULTATS!$C$2:$C$10,MATCH('enquêtes TIM'!A6,RESULTATS!$B$2:$B$10,0)) -> #N/A | G6: =(B6*(F6^2)) + (C6*F6) + D6 -> #N/A
A7: N. intersections feux rouges (/km2) | B7: 0 | C7: -0.018272946 | D7: 12.720666 | E7: 0.4810787 | F7: =INDEX(RESULTATS!$C$2:$C$10,MATCH('enquêtes TIM'!A7,RESULTATS!$B$2:$B$10,0)) -> #N/A | G7: =(B7*(F7^2)) + (C7*F7) + D7 -> #N/A
A8: Charge max. du réseau (voit/j) | B8: 0 | C8: -0.0003687582 | D8: 13.730319 | E8: 0.18350408 | F8: =INDEX(RESULTATS!$C$2:$C$10,MATCH('enquêtes TIM'!A8,RESULTATS!$B$2:$B$10,0)) -> #N/A | G8: =(B8*(F8^2)) + (C8*F8) + D8 -> #N/A
A9: Ratio emplois - habitants | B9: 0 | C9: -13.983391 | D9: 17.116235 | E9: 0.38827534 | F9: =INDEX(RESULTATS!$C$2:$C$10,MATCH('enquêtes TIM'!A9,RESULTATS!$B$2:$B$10,0)) -> 0.205 | G9: =(B9*(F9^2)) + (C9*F9) + D9 -> 14.24964
A10: Densité routière (km/km2) | B10: 0 | C10: -0.3217402 | D10: 17.195165 | E10: 0.40428276 | F10: =INDEX(RESULTATS!$C$2:$C$10,MATCH('enquêtes TIM'!A10,RESULTATS!$B$2:$B$10,0)) -> 17 | G10: =(B10*(F10^2)) + (C10*F10) + D10 -> 11.725582
A11: Surf. couverte par trottoirs (km2/km2) | B11: 0 | C11: -108.55291 | D11: 13.118685 | E11: 0.33892296 | F11: =INDEX(RESULTATS!$C$2:$C$10,MATCH('enquêtes TIM'!A11,RESULTATS!$B$2:$B$10,0)) -> 0.015 | G11: =(B11*(F11^2)) + (C11*F11) + D11 -> 11.490391
A12: Typologie courtes distances | B12: 0 | C12: 2.5213966 | D12: 3.120194 | E12: 0.28650919 | F12: =INDEX(RESULTATS!$C$2:$C$10,MATCH('enquêtes TIM'!A12,RESULTATS!$B$2:$B$10,0)) -> 4 | G12: =(B12*(F12^2)) + (C12*F12) + D12 -> 13.205781
A13: Classe de desserte TP | B13: 0 | C13: 0.6658165 | D13: 8.0070695 | E13: 0.12757889 | F13: =INDEX(Q1:Q4,MATCH(INDEX(RESULTATS!$C$2:$C$10,MATCH('enquêtes TIM'!A13,RESULTATS!$B$2:$B$10,0)),P1:P4,0)) -> 2 | G13: =(B13*(F13^2)) + (C13*F13) + D13 -> 9.3387025
A30: Valeur basse enquêtes | B30: 19370 | C30: =(B30*$C$2) + $D$2 -> 12.952466
B31: =F2 -> 25676 | C31: =(B31*$C$2) + $D$2 -> 11.033221
A32: Valeur haute enquêtes | B32: 43803 | C32: =(B32*$C$2) + $D$2 -> 5.5162271

Sheet enquêtes MD
A1: y = ax^2 + bx + c | B1: a | C1: b | D1: c | E1: R2 | F1: Value | G1: Distance TIM | P1: A | Q1: 1
A2: Acc. gravitaire TIM | B2: 0 | C2: 1.1646185e-05 | D2: 1.7369338 | E2: 0.078173262 | F2: =INDEX(RESULTATS!$C$2:$C$10,MATCH('enquêtes TIM'!A2,RESULTATS!$B$2:$B$10,0)) -> 25676 | G2: =(B2*(F2^2)) + (C2*F2) + D2 -> 2.0359613 | P2: B | Q2: 2
A3: Acc. gravitaire TP | B3: 0 | C3: 5.1116247e-06 | D3: 1.8198455 | E3: 0.13181109 | F3: =INDEX(RESULTATS!$C$2:$C$10,MATCH('enquêtes TIM'!A3,RESULTATS!$B$2:$B$10,0)) -> 13868 | G3: =(B3*(F3^2)) + (C3*F3) + D3 -> 1.8907335 | P3: C | Q3: 3
A4: Dens. bâtiments (bât/m2) | B4: 0 | C4: 1.2569657 | D4: 1.892554 | E4: 0.075656657 | F4: =INDEX(RESULTATS!$C$2:$C$10,MATCH('enquêtes TIM'!A4,RESULTATS!$B$2:$B$10,0)) -> 0.08 | G4: =(B4*(F4^2)) + (C4*F4) + D4 -> 1.9931113 | P4: D | Q4: 4
A5: Dens. population (pop/ha) | B5: 0 | C5: 0.0003436476 | D5: 2.0647267 | E5: 0.052515953 | F5: =INDEX(RESULTATS!$C$2:$C$10,MATCH('enquêtes TIM'!A5,RESULTATS!$B$2:$B$10,0)) -> 43 | G5: =(B5*(F5^2)) + (C5*F5) + D5 -> 2.0795035
A6: Entropie utilisation du sol | B6: 0 | C6: 1.8152221 | D6: 0.80785528 | E6: 0.083044597 | F6: =INDEX(RESULTATS!$C$2:$C$10,MATCH('enquêtes TIM'!A6,RESULTATS!$B$2:$B$10,0)) -> #N/A | G6: =(B6*(F6^2)) + (C6*F6) + D6 -> #N/A
A7: N. intersections feux rouges (/km2) | B7: 0 | C7: 0.00034209797 | D7: 2.0393462 | E7: 0.060922021 | F7: =INDEX(RESULTATS!$C$2:$C$10,MATCH('enquêtes TIM'!A7,RESULTATS!$B$2:$B$10,0)) -> #N/A | G7: =(B7*(F7^2)) + (C7*F7) + D7 -> #N/A
A8: Charge max. du réseau (voit/j) | B8: 0 | C8: -1.4392012e-05 | D8: 2.2795522 | E8: 0.059337495 | F8: =INDEX(RESULTATS!$C$2:$C$10,MATCH('enquêtes TIM'!A8,RESULTATS!$B$2:$B$10,0)) -> #N/A | G8: =(B8*(F8^2)) + (C8*F8) + D8 -> #N/A
A9: Ratio emplois - habitants | B9: 0 | C9: 1.4653349 | D9: 1.279459 | E9: 0.28662294 | F9: =INDEX(RESULTATS!$C$2:$C$10,MATCH('enquêtes TIM'!A9,RESULTATS!$B$2:$B$10,0)) -> 0.205 | G9: =(B9*(F9^2)) + (C9*F9) + D9 -> 1.5798526
A10: Densité routière (km/km2) | B10: 0 | C10: 0.016265116 | D10: 1.7024618 | E10: 0.10891563 | F10: =INDEX(RESULTATS!$C$2:$C$10,MATCH('enquêtes TIM'!A10,RESULTATS!$B$2:$B$10,0)) -> 17 | G10: =(B10*(F10^2)) + (C10*F10) + D10 -> 1.9789688
A11: Surf. couverte par trottoirs (km2/km2) | B11: 0 | C11: 4.6972023 | D11: 1.9353432 | E11: 0.083888367 | F11: =INDEX(RESULTATS!$C$2:$C$10,MATCH('enquêtes TIM'!A11,RESULTATS!$B$2:$B$10,0)) -> 0.015 | G11: =(B11*(F11^2)) + (C11*F11) + D11 -> 2.0058013
A12: Typologie courtes distances | B12: 0 | C12: -0.21983229 | D12: 2.6383209 | E12: 0.15396205 | F12: =INDEX(RESULTATS!$C$2:$C$10,MATCH('enquêtes TIM'!A12,RESULTATS!$B$2:$B$10,0)) -> 4 | G12: =(B12*(F12^2)) + (C12*F12) + D12 -> 1.7589918
A13: Classe de desserte TP | B13: 0 | C13: 0.098884122 | D13: 1.9208006 | E13: 0.077642773 | F13: =INDEX(Q1:Q4,MATCH(INDEX(RESULTATS!$C$2:$C$10,MATCH('enquêtes TIM'!A13,RESULTATS!$B$2:$B$10,0)),P1:P4,0)) -> 2 | G13: =(B13*(F13^2)) + (C13*F13) + D13 -> 2.1185688

Sheet enquêtes TC
A1: y = ax^2 + bx + c | B1: a | C1: b | D1: c | E1: R2 | F1: Value | G1: Distance TIM | P1: A | Q1: 1
A2: Acc. gravitaire TIM | B2: 0 | C2: -2.458e-05 | D2: 5.2632624 | E2: 0.56277659 | F2: =INDEX(RESULTATS!$C$2:$C$10,MATCH('enquêtes TIM'!A2,RESULTATS!$B$2:$B$10,0)) -> 25676 | G2: =(B2*(F2^2)) + (C2*F2) + D2 -> 4.6321464 | P2: B | Q2: 2
A3: Acc. gravitaire TP | B3: 0 | C3: -1.9732337e-06 | D3: 4.5976161 | E3: 0.50023995 | F3: =INDEX(RESULTATS!$C$2:$C$10,MATCH('enquêtes TIM'!A3,RESULTATS!$B$2:$B$10,0)) -> 13868 | G3: =(B3*(F3^2)) + (C3*F3) + D3 -> 4.5702513 | P3: C | Q3: 3
A4: Dens. bâtiments (bât/m2) | B4: 0 | C4: -3.26988 | D4: 5.0389618 | E4: 0.58913632 | F4: =INDEX(RESULTATS!$C$2:$C$10,MATCH('enquêtes TIM'!A4,RESULTATS!$B$2:$B$10,0)) -> 0.08 | G4: =(B4*(F4^2)) + (C4*F4) + D4 -> 4.7773714 | P4: D | Q4: 4
A5: Dens. population (pop/ha) | B5: 0 | C5: -0.0041188931 | D5: 4.9637798 | E5: 0.62837307 | F5: =INDEX(RESULTATS!$C$2:$C$10,MATCH('enquêtes TIM'!A5,RESULTATS!$B$2:$B$10,0)) -> 43 | G5: =(B5*(F5^2)) + (C5*F5) + D5 -> 4.7866674
A6: Entropie utilisation du sol | B6: 0 | C6: -4.7685967 | D6: 7.893894 | E6: 0.62014468 | F6: =INDEX(RESULTATS!$C$2:$C$10,MATCH('enquêtes TIM'!A6,RESULTATS!$B$2:$B$10,0)) -> #N/A | G6: =(B6*(F6^2)) + (C6*F6) + D6 -> #N/A
A7: N. intersections feux rouges (/km2) | B7: 0 | C7: -0.0014104491 | D7: 4.7561418 | E7: 0.59092415 | F7: =INDEX(RESULTATS!$C$2:$C$10,MATCH('enquêtes TIM'!A7,RESULTATS!$B$2:$B$10,0)) -> #N/A | G7: =(B7*(F7^2)) + (C7*F7) + D7 -> #N/A
A8: Charge max. du réseau (voit/j) | B8: 0 | C8: 1.2090975e-05 | D8: 4.3406409 | E8: 0.49676501 | F8: =INDEX(RESULTATS!$C$2:$C$10,MATCH('enquêtes TIM'!A8,RESULTATS!$B$2:$B$10,0)) -> #N/A | G8: =(B8*(F8^2)) + (C8*F8) + D8 -> #N/A
A9: Ratio emplois - habitants | B9: 0 | C9: 0.41039974 | D9: 4.2566984 | E9: 0.50391217 | F9: =INDEX(RESULTATS!$C$2:$C$10,MATCH('enquêtes TIM'!A9,RESULTATS!$B$2:$B$10,0)) -> 0.205 | G9: =(B9*(F9^2)) + (C9*F9) + D9 -> 4.3408304
A10: Densité routière (km/km2) | B10: 0 | C10: -0.017919745 | D10: 4.9306272 | E10: 0.53358489 | F10: =INDEX(RESULTATS!$C$2:$C$10,MATCH('enquêtes TIM'!A10,RESULTATS!$B$2:$B$10,0)) -> 17 | G10: =(B10*(F10^2)) + (C10*F10) + D10 -> 4.6259915
A11: Surf. couverte par trottoirs (km2/km2) | B11: 0 | C11: -12.527787 | D11: 4.9387538 | E11: 0.62746941 | F11: =INDEX(RESULTATS!$C$2:$C$10,MATCH('enquêtes TIM'!A11,RESULTATS!$B$2:$B$10,0)) -> 0.015 | G11: =(B11*(F11^2)) + (C11*F11) + D11 -> 4.750837
A12: Typologie courtes distances | B12: 0 | C12: 0.13583671 | D12: 4.1578643 | E12: 0.5158292 | F12: =INDEX(RESULTATS!$C$2:$C$10,MATCH('enquêtes TIM'!A12,RESULTATS!$B$2:$B$10,0)) -> 4 | G12: =(B12*(F12^2)) + (C12*F12) + D12 -> 4.7012112
A13: Classe de desserte TP | B13: 0 | C13: 0.43715831 | D13: 3.675888 | E13: 0.79214905 | F13: =INDEX(Q1:Q4,MATCH(INDEX(RESULTATS!$C$2:$C$10,MATCH('enquêtes TIM'!A13,RESULTATS!$B$2:$B$10,0)),P1:P4,0)) -> 2 | G13: =(B13*(F13^2)) + (C13*F13) + D13 -> 4.5502047

Sheet Calculs_modele
D1: Mean estimation (km TIM pp/j) | E1: Min estimation (km TIM pp/j) | F1: Max estimation (km TIM pp/j) | G1: Weight TIM | H1: Mean estimation (km MD pp/j) | I1: Min estimation (km MD pp/j) | J1: Max estimation (km MD pp/j) | K1: Weight MD | L1: Mean estimation (km TC pp/j) | M1: Min estimation (km TC pp/j) | N1: Max estimation (km TC pp/j) | O1: Weight TC | R1: w tim | S1: w MD | T1: w TC
A2: P_comb_tim | B2: Acc. gravitaire TIM | C2: =INDEX(RESULTATS!$C$2:$C$10,MATCH(B2,RESULTATS!$B$2:$B$10,0)) -> 25676 | D2: {=MAX(INDEX(INDIRECT(ADDRESS(2,2,,,A2)&":"&ADDRESS(1000,2)), MATCH(MIN(ABS(INDIRECT(ADDRESS(2,1,,,A2)&":"&ADDRESS(1000,1)) - C2)),ABS(INDIRECT(ADDRESS(2,1,,,A2)&":"&ADDRESS(1000,1)) - C2),0)),0)} -> 6.0960067 | E2: {=MAX(INDEX(INDIRECT(ADDRESS(2,4,,,A2)&":"&ADDRESS(1000,4)), MATCH(MIN(ABS(INDIRECT(ADDRESS(2,1,,,A2)&":"&ADDRESS(1000,1)) - C2)),ABS(INDIRECT(ADDRESS(2,1,,,A2)&":"&ADDRESS(1000,1)) - C2),0)),0)} -> 4.5278488 | F2: {=MAX(INDEX(INDIRECT(ADDRESS(2,3,,,A2)&":"&ADDRESS(1000,3)), MATCH(MIN(ABS(INDIRECT(ADDRESS(2,1,,,A2)&":"&ADDRESS(1000,1)) - C2)),ABS(INDIRECT(ADDRESS(2,1,,,A2)&":"&ADDRESS(1000,1)) - C2),0)),0)} -> 7.6641646 | G2: =IFERROR((1/(F2-E2)) / $G$12,0) -> 0.89897713 | H2: {=MAX(INDEX(INDIRECT(ADDRESS(2,6,,,A2)&":"&ADDRESS(1000,6)), MATCH(MIN(ABS(INDIRECT(ADDRESS(2,5,,,A2)&":"&ADDRESS(1000,5)) - C2)),ABS(INDIRECT(ADDRESS(2,5,,,A2)&":"&ADDRESS(1000,5)) - C2),0)),0)} -> 1.5789626 | I2: {=MAX(INDEX(INDIRECT(ADDRESS(2,8,,,A2)&":"&ADDRESS(1000,8)), MATCH(MIN(ABS(INDIRECT(ADDRESS(2,5,,,A2)&":"&ADDRESS(1000,5)) - C2)),ABS(INDIRECT(ADDRESS(2,5,,,A2)&":"&ADDRESS(1000,5)) - C2),0)),0)} -> 1.2423915 | J2: {=MAX(INDEX(INDIRECT(ADDRESS(2,7,,,A2)&":"&ADDRESS(1000,7)), MATCH(MIN(ABS(INDIRECT(ADDRESS(2,5,,,A2)&":"&ADDRESS(1000,5)) - C2)),ABS(INDIRECT(ADDRESS(2,5,,,A2)&":"&ADDRESS(1000,5)) - C2),0)),0)} -> 1.9155337 | K2: =IFERROR((1/(J2-I2))/$K$12,0) -> 1 | L2: {=MAX(INDEX(INDIRECT(ADDRESS(2,10,,,A2)&":"&ADDRESS(1000,10)), MATCH(MIN(ABS(INDIRECT(ADDRESS(2,9,,,A2)&":"&ADDRESS(1000,9)) - C2)),ABS(INDIRECT(ADDRESS(2,9,,,A2)&":"&ADDRESS(1000,9)) - C2),0)),0) - (D2+H2)} -> 5.1264939 | M2: {=MIN( MAX(INDEX(INDIRECT(ADDRESS(2,12,,,A2)&":"&ADDRESS(1000,12)), MATCH(MIN(ABS(INDIRECT(ADDRESS(2,9,,,A2)&":"&ADDRESS(1000,9)) - C2)),ABS(INDIRECT(ADDRESS(2,9,,,A2)&":"&ADDRESS(1000,9)) - C2),0)),0) - (E2+I2), MAX(INDEX(INDIRECT(ADDRESS(2,11,,,A2)&":"&ADDRESS(1000,11)), MATCH(MIN(ABS(INDIRECT(ADDRESS(2,9,,,A2)&":"&ADDRESS(1000,9)) - C2)),ABS(INDIRECT(ADDRESS(2,9,,,A2)&":"&ADDRESS(1000,9)) - C2),0)),0) - (F2+J2) )} -> 4.767386 | N2: {=MAX( MAX(INDEX(INDIRECT(ADDRESS(2,12,,,A2)&":"&ADDRESS(1000,12)), MATCH(MIN(ABS(INDIRECT(ADDRESS(2,9,,,A2)&":"&ADDRESS(1000,9)) - C2)),ABS(INDIRECT(ADDRESS(2,9,,,A2)&":"&ADDRESS(1000,9)) - C2),0)),0) - (E2+I2), MAX(INDEX(INDIRECT(ADDRESS(2,11,,,A2)&":"&ADDRESS(1000,11)), MATCH(MIN(ABS(INDIRECT(ADDRESS(2,9,,,A2)&":"&ADDRESS(1000,9)) - C2)),ABS(INDIRECT(ADDRESS(2,9,,,A2)&":"&ADDRESS(1000,9)) - C2),0)),0) - (F2+J2) )} -> 5.4856019 | O2: =IFERROR((1/(N2-M2)) / $O$12,0) -> 0.019139622 | R2: =IF(C2=-99,0,1/(F2-E2)) -> 0.31884544 | S2: =IF(C2=-99,0,1/(J2-I2)) -> 1.4855702 | T2: =IF(C2=-99,0,1/(N2-M2)) -> 1.392339
A3: P_comb_tc | B3: Acc. gravitaire TP | C3: =INDEX(RESULTATS!$C$2:$C$10,MATCH(B3,RESULTATS!$B$2:$B$10,0)) -> 13868 | D3: {=MAX(INDEX(INDIRECT(ADDRESS(2,2,,,A3)&":"&ADDRESS(1000,2)), MATCH(MIN(ABS(INDIRECT(ADDRESS(2,1,,,A3)&":"&ADDRESS(1000,1)) - C3)),ABS(INDIRECT(ADDRESS(2,1,,,A3)&":"&ADDRESS(1000,1)) - C3),0)),0)} -> 6.0589276 | E3: {=MAX(INDEX(INDIRECT(ADDRESS(2,4,,,A3)&":"&ADDRESS(1000,4)), MATCH(MIN(ABS(INDIRECT(ADDRESS(2,1,,,A3)&":"&ADDRESS(1000,1)) - C3)),ABS(INDIRECT(ADDRESS(2,1,,,A3)&":"&ADDRESS(1000,1)) - C3),0)),0)} -> 0.91714396 | F3: {=MAX(INDEX(INDIRECT(ADDRESS(2,3,,,A3)&":"&ADDRESS(1000,3)), MATCH(MIN(ABS(INDIRECT(ADDRESS(2,1,,,A3)&":"&ADDRESS(1000,1)) - C3)),ABS(INDIRECT(ADDRESS(2,1,,,A3)&":"&ADDRESS(1000,1)) - C3),0)),0)} -> 11.200711 | G3: =IFERROR((1/(F3-E3)) / $G$12,0) -> 0.27417297 | H3: {=MAX(INDEX(INDIRECT(ADDRESS(2,6,,,A3)&":"&ADDRESS(1000,6)), MATCH(MIN(ABS(INDIRECT(ADDRESS(2,5,,,A3)&":"&ADDRESS(1000,5)) - C3)),ABS(INDIRECT(ADDRESS(2,5,,,A3)&":"&ADDRESS(1000,5)) - C3),0)),0)} -> 1.3440715 | I3: {=MAX(INDEX(INDIRECT(ADDRESS(2,8,,,A3)&":"&ADDRESS(1000,8)), MATCH(MIN(ABS(INDIRECT(ADDRESS(2,5,,,A3)&":"&ADDRESS(1000,5)) - C3)),ABS(INDIRECT(ADDRESS(2,5,,,A3)&":"&ADDRESS(1000,5)) - C3),0)),0)} -> 0.66093966 | J3: {=MAX(INDEX(INDIRECT(ADDRESS(2,7,,,A3)&":"&ADDRESS(1000,7)), MATCH(MIN(ABS(INDIRECT(ADDRESS(2,5,,,A3)&":"&ADDRESS(1000,5)) - C3)),ABS(INDIRECT(ADDRESS(2,5,,,A3)&":"&ADDRESS(1000,5)) - C3),0)),0)} -> 2.0272034 | K3: =IFERROR((1/(J3-I3))/$K$12,0) -> 0.49268834 | L3: {=MAX(INDEX(INDIRECT(ADDRESS(2,10,,,A3)&":"&ADDRESS(1000,10)), MATCH(MIN(ABS(INDIRECT(ADDRESS(2,9,,,A3)&":"&ADDRESS(1000,9)) - C3)),ABS(INDIRECT(ADDRESS(2,9,,,A3)&":"&ADDRESS(1000,9)) - C3),0)),0) - (D3+H3)} -> 4.8260354 | M3: {=MIN( MAX(INDEX(INDIRECT(ADDRESS(2,12,,,A3)&":"&ADDRESS(1000,12)), MATCH(MIN(ABS(INDIRECT(ADDRESS(2,9,,,A3)&":"&ADDRESS(1000,9)) - C3)),ABS(INDIRECT(ADDRESS(2,9,,,A3)&":"&ADDRESS(1000,9)) - C3),0)),0) - (E3+I3), MAX(INDEX(INDIRECT(ADDRESS(2,11,,,A3)&":"&ADDRESS(1000,11)), MATCH(MIN(ABS(INDIRECT(ADDRESS(2,9,,,A3)&":"&ADDRESS(1000,9)) - C3)),ABS(INDIRECT(ADDRESS(2,9,,,A3)&":"&ADDRESS(1000,9)) - C3),0)),0) - (F3+J3) )} -> 4.8188755 | N3: {=MAX( MAX(INDEX(INDIRECT(ADDRESS(2,12,,,A3)&":"&ADDRESS(1000,12)), MATCH(MIN(ABS(INDIRECT(ADDRESS(2,9,,,A3)&":"&ADDRESS(1000,9)) - C3)),ABS(INDIRECT(ADDRESS(2,9,,,A3)&":"&ADDRESS(1000,9)) - C3),0)),0) - (E3+I3), MAX(INDEX(INDIRECT(ADDRESS(2,11,,,A3)&":"&ADDRESS(1000,11)), MATCH(MIN(ABS(INDIRECT(ADDRESS(2,9,,,A3)&":"&ADDRESS(1000,9)) - C3)),ABS(INDIRECT(ADDRESS(2,9,,,A3)&":"&ADDRESS(1000,9)) - C3),0)),0) - (F3+J3) )} -> 4.8331954 | O3: =IFERROR((1/(N3-M3)) / $O$12,0) -> 0.95994752 | R3: =IF(C3=-99,0,1/(F3-E3)) -> 0.097242521 | S3: =IF(C3=-99,0,1/(J3-I3)) -> 0.7319231 | T3: =IF(C3=-99,0,1/(N3-M3)) -> 69.832745
A4: B_DENS | B4: Dens. bâtiments (bât/m2) | C4: =INDEX(RESULTATS!$C$2:$C$10,MATCH(B4,RESULTATS!$B$2:$B$10,0)) -> 0.08 | D4: {=MAX(INDEX(INDIRECT(ADDRESS(2,2,,,A4)&":"&ADDRESS(1000,2)), MATCH(MIN(ABS(INDIRECT(ADDRESS(2,1,,,A4)&":"&ADDRESS(1000,1)) - C4)),ABS(INDIRECT(ADDRESS(2,1,,,A4)&":"&ADDRESS(1000,1)) - C4),0)),0)} -> 9.0725103 | E4: {=MAX(INDEX(INDIRECT(ADDRESS(2,4,,,A4)&":"&ADDRESS(1000,4)), MATCH(MIN(ABS(INDIRECT(ADDRESS(2,1,,,A4)&":"&ADDRESS(1000,1)) - C4)),ABS(INDIRECT(ADDRESS(2,1,,,A4)&":"&ADDRESS(1000,1)) - C4),0)),0)} -> 5.0518212 | F4: {=MAX(INDEX(INDIRECT(ADDRESS(2,3,,,A4)&":"&ADDRESS(1000,3)), MATCH(MIN(ABS(INDIRECT(ADDRESS(2,1,,,A4)&":"&ADDRESS(1000,1)) - C4)),ABS(INDIRECT(ADDRESS(2,1,,,A4)&":"&ADDRESS(1000,1)) - C4),0)),0)} -> 13.093199 | G4: =IFERROR((1/(F4-E4)) / $G$12,0) -> 0.35062102 | H4: {=MAX(INDEX(INDIRECT(ADDRESS(2,6,,,A4)&":"&ADDRESS(1000,6)), MATCH(MIN(ABS(INDIRECT(ADDRESS(2,5,,,A4)&":"&ADDRESS(1000,5)) - C4)),ABS(INDIRECT(ADDRESS(2,5,,,A4)&":"&ADDRESS(1000,5)) - C4),0)),0)} -> 1.2209542 | I4: {=MAX(INDEX(INDIRECT(ADDRESS(2,8,,,A4)&":"&ADDRESS(1000,8)), MATCH(MIN(ABS(INDIRECT(ADDRESS(2,5,,,A4)&":"&ADDRESS(1000,5)) - C4)),ABS(INDIRECT(ADDRESS(2,5,,,A4)&":"&ADDRESS(1000,5)) - C4),0)),0)} -> 0.42958086 | J4: {=MAX(INDEX(INDIRECT(ADDRESS(2,7,,,A4)&":"&ADDRESS(1000,7)), MATCH(MIN(ABS(INDIRECT(ADDRESS(2,5,,,A4)&":"&ADDRESS(1000,5)) - C4)),ABS(INDIRECT(ADDRESS(2,5,,,A4)&":"&ADDRESS(1000,5)) - C4),0)),0)} -> 2.0123275 | K4: =IFERROR((1/(J4-I4))/$K$12,0) -> 0.42530004 | L4: {=MAX(INDEX(INDIRECT(ADDRESS(2,10,,,A4)&":"&ADDRESS(1000,10)), MATCH(MIN(ABS(INDIRECT(ADDRESS(2,9,,,A4)&":"&ADDRESS(1000,9)) - C4)),ABS(INDIRECT(ADDRESS(2,9,,,A4)&":"&ADDRESS(1000,9)) - C4),0)),0) - (D4+H4)} -> 5.8502011 | M4: {=MIN( MAX(INDEX(INDIRECT(ADDRESS(2,12,,,A4)&":"&ADDRESS(1000,12)), MATCH(MIN(ABS(INDIRECT(ADDRESS(2,9,,,A4)&":"&ADDRESS(1000,9)) - C4)),ABS(INDIRECT(ADDRESS(2,9,,,A4)&":"&ADDRESS(1000,9)) - C4),0)),0) - (E4+I4), MAX(INDEX(INDIRECT(ADDRESS(2,11,,,A4)&":"&ADDRESS(1000,11)), MATCH(MIN(ABS(INDIRECT(ADDRESS(2,9,,,A4)&":"&ADDRESS(1000,9)) - C4)),ABS(INDIRECT(ADDRESS(2,9,,,A4)&":"&ADDRESS(1000,9)) - C4),0)),0) - (F4+J4) )} -> 5.8433279 | N4: {=MAX( MAX(INDEX(INDIRECT(ADDRESS(2,12,,,A4)&":"&ADDRESS(1000,12)), MATCH(MIN(ABS(INDIRECT(ADDRESS(2,9,,,A4)&":"&ADDRESS(1000,9)) - C4)),ABS(INDIRECT(ADDRESS(2,9,,,A4)&":"&ADDRESS(1000,9)) - C4),0)),0) - (E4+I4), MAX(INDEX(INDIRECT(ADDRESS(2,11,,,A4)&":"&ADDRESS(1000,11)), MATCH(MIN(ABS(INDIRECT(ADDRESS(2,9,,,A4)&":"&ADDRESS(1000,9)) - C4)),ABS(INDIRECT(ADDRESS(2,9,,,A4)&":"&ADDRESS(1000,9)) - C4),0)),0) - (F4+J4) )} -> 5.8570743 | O4: =IFERROR((1/(N4-M4)) / $O$12,0) -> 1 | R4: =IF(C4=-99,0,1/(F4-E4)) -> 0.12435679 | S4: =IF(C4=-99,0,1/(J4-I4)) -> 0.63181306 | T4: =IF(C4=-99,0,1/(N4-M4)) -> 72.746419
A5: B15BTOT | B5: Dens. population (pop/ha) | C5: =INDEX(RESULTATS!$C$2:$C$10,MATCH(B5,RESULTATS!$B$2:$B$10,0)) -> 43 | D5: {=MAX(INDEX(INDIRECT(ADDRESS(2,2,,,A5)&":"&ADDRESS(1000,2)), MATCH(MIN(ABS(INDIRECT(ADDRESS(2,1,,,A5)&":"&ADDRESS(1000,1)) - C5)),ABS(INDIRECT(ADDRESS(2,1,,,A5)&":"&ADDRESS(1000,1)) - C5),0)),0)} -> 5.8223058 | E5: {=MAX(INDEX(INDIRECT(ADDRESS(2,4,,,A5)&":"&ADDRESS(1000,4)), MATCH(MIN(ABS(INDIRECT(ADDRESS(2,1,,,A5)&":"&ADDRESS(1000,1)) - C5)),ABS(INDIRECT(ADDRESS(2,1,,,A5)&":"&ADDRESS(1000,1)) - C5),0)),0)} -> 3.2502633 | F5: {=MAX(INDEX(INDIRECT(ADDRESS(2,3,,,A5)&":"&ADDRESS(1000,3)), MATCH(MIN(ABS(INDIRECT(ADDRESS(2,1,,,A5)&":"&ADDRESS(1000,1)) - C5)),ABS(INDIRECT(ADDRESS(2,1,,,A5)&":"&ADDRESS(1000,1)) - C5),0)),0)} -> 8.3943483 | G5: =IFERROR((1/(F5-E5)) / $G$12,0) -> 0.54810062 | H5: {=MAX(INDEX(INDIRECT(ADDRESS(2,6,,,A5)&":"&ADDRESS(1000,6)), MATCH(MIN(ABS(INDIRECT(ADDRESS(2,5,,,A5)&":"&ADDRESS(1000,5)) - C5)),ABS(INDIRECT(ADDRESS(2,5,,,A5)&":"&ADDRESS(1000,5)) - C5),0)),0)} -> 1.3168485 | I5: {=MAX(INDEX(INDIRECT(ADDRESS(2,8,,,A5)&":"&ADDRESS(1000,8)), MATCH(MIN(ABS(INDIRECT(ADDRESS(2,5,,,A5)&":"&ADDRESS(1000,5)) - C5)),ABS(INDIRECT(ADDRESS(2,5,,,A5)&":"&ADDRESS(1000,5)) - C5),0)),0)} -> 0.60834305 | J5: {=MAX(INDEX(INDIRECT(ADDRESS(2,7,,,A5)&":"&ADDRESS(1000,7)), MATCH(MIN(ABS(INDIRECT(ADDRESS(2,5,,,A5)&":"&ADDRESS(1000,5)) - C5)),ABS(INDIRECT(ADDRESS(2,5,,,A5)&":"&ADDRESS(1000,5)) - C5),0)),0)} -> 2.0253539 | K5: =IFERROR((1/(J5-I5))/$K$12,0) -> 0.4750438 | L5: {=MAX(INDEX(INDIRECT(ADDRESS(2,10,,,A5)&":"&ADDRESS(1000,10)), MATCH(MIN(ABS(INDIRECT(ADDRESS(2,9,,,A5)&":"&ADDRESS(1000,9)) - C5)),ABS(INDIRECT(ADDRESS(2,9,,,A5)&":"&ADDRESS(1000,9)) - C5),0)),0) - (D5+H5)} -> 5.1384152 | M5: {=MIN( MAX(INDEX(INDIRECT(ADDRESS(2,12,,,A5)&":"&ADDRESS(1000,12)), MATCH(MIN(ABS(INDIRECT(ADDRESS(2,9,,,A5)&":"&ADDRESS(1000,9)) - C5)),ABS(INDIRECT(ADDRESS(2,9,,,A5)&":"&ADDRESS(1000,9)) - C5),0)),0) - (E5+I5), MAX(INDEX(INDIRECT(ADDRESS(2,11,,,A5)&":"&ADDRESS(1000,11)), MATCH(MIN(ABS(INDIRECT(ADDRESS(2,9,,,A5)&":"&ADDRESS(1000,9)) - C5)),ABS(INDIRECT(ADDRESS(2,9,,,A5)&":"&ADDRESS(1000,9)) - C5),0)),0) - (F5+J5) )} -> 4.9556285 | N5: {=MAX( MAX(INDEX(INDIRECT(ADDRESS(2,12,,,A5)&":"&ADDRESS(1000,12)), MATCH(MIN(ABS(INDIRECT(ADDRESS(2,9,,,A5)&":"&ADDRESS(1000,9)) - C5)),ABS(INDIRECT(ADDRESS(2,9,,,A5)&":"&ADDRESS(1000,9)) - C5),0)),0) - (E5+I5), MAX(INDEX(INDIRECT(ADDRESS(2,11,,,A5)&":"&ADDRESS(1000,11)), MATCH(MIN(ABS(INDIRECT(ADDRESS(2,9,,,A5)&":"&ADDRESS(1000,9)) - C5)),ABS(INDIRECT(ADDRESS(2,9,,,A5)&":"&ADDRESS(1000,9)) - C5),0)),0) - (F5+J5) )} -> 5.3212019 | O5: =IFERROR((1/(N5-M5)) / $O$12,0) -> 0.037602248 | R5: =IF(C5=-99,0,1/(F5-E5)) -> 0.19439803 | S5: =IF(C5=-99,0,1/(J5-I5)) -> 0.70571091 | T5: =IF(C5=-99,0,1/(N5-M5)) -> 2.7354289
A6: R_EMPHAB | B6: Ratio emplois - habitants | C6: =INDEX(RESULTATS!$C$2:$C$10,MATCH(B6,RESULTATS!$B$2:$B$10,0)) -> 0.205 | D6: {=MAX(INDEX(INDIRECT(ADDRESS(2,2,,,A6)&":"&ADDRESS(1000,2)), MATCH(MIN(ABS(INDIRECT(ADDRESS(2,1,,,A6)&":"&ADDRESS(1000,1)) - C6)),ABS(INDIRECT(ADDRESS(2,1,,,A6)&":"&ADDRESS(1000,1)) - C6),0)),0)} -> 7.4619643 | E6: {=MAX(INDEX(INDIRECT(ADDRESS(2,4,,,A6)&":"&ADDRESS(1000,4)), MATCH(MIN(ABS(INDIRECT(ADDRESS(2,1,,,A6)&":"&ADDRESS(1000,1)) - C6)),ABS(INDIRECT(ADDRESS(2,1,,,A6)&":"&ADDRESS(1000,1)) - C6),0)),0)} -> 2.5527221 | F6: {=MAX(INDEX(INDIRECT(ADDRESS(2,3,,,A6)&":"&ADDRESS(1000,3)), MATCH(MIN(ABS(INDIRECT(ADDRESS(2,1,,,A6)&":"&ADDRESS(1000,1)) - C6)),ABS(INDIRECT(ADDRESS(2,1,,,A6)&":"&ADDRESS(1000,1)) - C6),0)),0)} -> 12.371206 | G6: =IFERROR((1/(F6-E6)) / $G$12,0) -> 0.28716002 | H6: {=MAX(INDEX(INDIRECT(ADDRESS(2,6,,,A6)&":"&ADDRESS(1000,6)), MATCH(MIN(ABS(INDIRECT(ADDRESS(2,5,,,A6)&":"&ADDRESS(1000,5)) - C6)),ABS(INDIRECT(ADDRESS(2,5,,,A6)&":"&ADDRESS(1000,5)) - C6),0)),0)} -> 0.87146044 | I6: {=MAX(INDEX(INDIRECT(ADDRESS(2,8,,,A6)&":"&ADDRESS(1000,8)), MATCH(MIN(ABS(INDIRECT(ADDRESS(2,5,,,A6)&":"&ADDRESS(1000,5)) - C6)),ABS(INDIRECT(ADDRESS(2,5,,,A6)&":"&ADDRESS(1000,5)) - C6),0)),0)} -> 0 | J6: {=MAX(INDEX(INDIRECT(ADDRESS(2,7,,,A6)&":"&ADDRESS(1000,7)), MATCH(MIN(ABS(INDIRECT(ADDRESS(2,5,,,A6)&":"&ADDRESS(1000,5)) - C6)),ABS(INDIRECT(ADDRESS(2,5,,,A6)&":"&ADDRESS(1000,5)) - C6),0)),0)} -> 2.1051562 | K6: =IFERROR((1/(J6-I6))/$K$12,0) -> 0.3197588 | L6: {=MAX(INDEX(INDIRECT(ADDRESS(2,10,,,A6)&":"&ADDRESS(1000,10)), MATCH(MIN(ABS(INDIRECT(ADDRESS(2,9,,,A6)&":"&ADDRESS(1000,9)) - C6)),ABS(INDIRECT(ADDRESS(2,9,,,A6)&":"&ADDRESS(1000,9)) - C6),0)),0) - (D6+H6)} -> 8.088367 | M6: {=MIN( MAX(INDEX(INDIRECT(ADDRESS(2,12,,,A6)&":"&ADDRESS(1000,12)), MATCH(MIN(ABS(INDIRECT(ADDRESS(2,9,,,A6)&":"&ADDRESS(1000,9)) - C6)),ABS(INDIRECT(ADDRESS(2,9,,,A6)&":"&ADDRESS(1000,9)) - C6),0)),0) - (E6+I6), MAX(INDEX(INDIRECT(ADDRESS(2,11,,,A6)&":"&ADDRESS(1000,11)), MATCH(MIN(ABS(INDIRECT(ADDRESS(2,9,,,A6)&":"&ADDRESS(1000,9)) - C6)),ABS(INDIRECT(ADDRESS(2,9,,,A6)&":"&ADDRESS(1000,9)) - C6),0)),0) - (F6+J6) )} -> 6.7869212 | N6: {=MAX( MAX(INDEX(INDIRECT(ADDRESS(2,12,,,A6)&":"&ADDRESS(1000,12)), MATCH(MIN(ABS(INDIRECT(ADDRESS(2,9,,,A6)&":"&ADDRESS(1000,9)) - C6)),ABS(INDIRECT(ADDRESS(2,9,,,A6)&":"&ADDRESS(1000,9)) - C6),0)),0) - (E6+I6), MAX(INDEX(INDIRECT(ADDRESS(2,11,,,A6)&":"&ADDRESS(1000,11)), MATCH(MIN(ABS(INDIRECT(ADDRESS(2,9,,,A6)&":"&ADDRESS(1000,9)) - C6)),ABS(INDIRECT(ADDRESS(2,9,,,A6)&":"&ADDRESS(1000,9)) - C6),0)),0) - (F6+J6) )} -> 9.0275775 | O6: =IFERROR((1/(N6-M6)) / $O$12,0) -> 0.0061349799 | R6: =IF(C6=-99,0,1/(F6-E6)) -> 0.10184871 | S6: =IF(C6=-99,0,1/(J6-I6)) -> 0.47502414 | T6: =IF(C6=-99,0,1/(N6-M6)) -> 0.44629781
A7: ROAD_DENS | B7: Densité routière (km/km2) | C7: =INDEX(RESULTATS!$C$2:$C$10,MATCH(B7,RESULTATS!$B$2:$B$10,0)) -> 17 | D7: {=MAX(INDEX(INDIRECT(ADDRESS(2,2,,,A7)&":"&ADDRESS(1000,2)), MATCH(MIN(ABS(INDIRECT(ADDRESS(2,1,,,A7)&":"&ADDRESS(1000,1)) - C7)),ABS(INDIRECT(ADDRESS(2,1,,,A7)&":"&ADDRESS(1000,1)) - C7),0)),0)} -> 7.4979213 | E7: {=MAX(INDEX(INDIRECT(ADDRESS(2,4,,,A7)&":"&ADDRESS(1000,4)), MATCH(MIN(ABS(INDIRECT(ADDRESS(2,1,,,A7)&":"&ADDRESS(1000,1)) - C7)),ABS(INDIRECT(ADDRESS(2,1,,,A7)&":"&ADDRESS(1000,1)) - C7),0)),0)} -> 5.2348878 | F7: {=MAX(INDEX(INDIRECT(ADDRESS(2,3,,,A7)&":"&ADDRESS(1000,3)), MATCH(MIN(ABS(INDIRECT(ADDRESS(2,1,,,A7)&":"&ADDRESS(1000,1)) - C7)),ABS(INDIRECT(ADDRESS(2,1,,,A7)&":"&ADDRESS(1000,1)) - C7),0)),0)} -> 9.7609548 | G7: =IFERROR((1/(F7-E7)) / $G$12,0) -> 0.62294178 | H7: {=MAX(INDEX(INDIRECT(ADDRESS(2,6,,,A7)&":"&ADDRESS(1000,6)), MATCH(MIN(ABS(INDIRECT(ADDRESS(2,5,,,A7)&":"&ADDRESS(1000,5)) - C7)),ABS(INDIRECT(ADDRESS(2,5,,,A7)&":"&ADDRESS(1000,5)) - C7),0)),0)} -> 1.4885638 | I7: {=MAX(INDEX(INDIRECT(ADDRESS(2,8,,,A7)&":"&ADDRESS(1000,8)), MATCH(MIN(ABS(INDIRECT(ADDRESS(2,5,,,A7)&":"&ADDRESS(1000,5)) - C7)),ABS(INDIRECT(ADDRESS(2,5,,,A7)&":"&ADDRESS(1000,5)) - C7),0)),0)} -> 0.79829591 | J7: {=MAX(INDEX(INDIRECT(ADDRESS(2,7,,,A7)&":"&ADDRESS(1000,7)), MATCH(MIN(ABS(INDIRECT(ADDRESS(2,5,,,A7)&":"&ADDRESS(1000,5)) - C7)),ABS(INDIRECT(ADDRESS(2,5,,,A7)&":"&ADDRESS(1000,5)) - C7),0)),0)} -> 2.1788316 | K7: =IFERROR((1/(J7-I7))/$K$12,0) -> 0.48759493 | L7: {=MAX(INDEX(INDIRECT(ADDRESS(2,10,,,A7)&":"&ADDRESS(1000,10)), MATCH(MIN(ABS(INDIRECT(ADDRESS(2,9,,,A7)&":"&ADDRESS(1000,9)) - C7)),ABS(INDIRECT(ADDRESS(2,9,,,A7)&":"&ADDRESS(1000,9)) - C7),0)),0) - (D7+H7)} -> 4.0786101 | M7: {=MIN( MAX(INDEX(INDIRECT(ADDRESS(2,12,,,A7)&":"&ADDRESS(1000,12)), MATCH(MIN(ABS(INDIRECT(ADDRESS(2,9,,,A7)&":"&ADDRESS(1000,9)) - C7)),ABS(INDIRECT(ADDRESS(2,9,,,A7)&":"&ADDRESS(1000,9)) - C7),0)),0) - (E7+I7), MAX(INDEX(INDIRECT(ADDRESS(2,11,,,A7)&":"&ADDRESS(1000,11)), MATCH(MIN(ABS(INDIRECT(ADDRESS(2,9,,,A7)&":"&ADDRESS(1000,9)) - C7)),ABS(INDIRECT(ADDRESS(2,9,,,A7)&":"&ADDRESS(1000,9)) - C7),0)),0) - (F7+J7) )} -> 3.6270961 | N7: {=MAX( MAX(INDEX(INDIRECT(ADDRESS(2,12,,,A7)&":"&ADDRESS(1000,12)), MATCH(MIN(ABS(INDIRECT(ADDRESS(2,9,,,A7)&":"&ADDRESS(1000,9)) - C7)),ABS(INDIRECT(ADDRESS(2,9,,,A7)&":"&ADDRESS(1000,9)) - C7),0)),0) - (E7+I7), MAX(INDEX(INDIRECT(ADDRESS(2,11,,,A7)&":"&ADDRESS(1000,11)), MATCH(MIN(ABS(INDIRECT(ADDRESS(2,9,,,A7)&":"&ADDRESS(1000,9)) - C7)),ABS(INDIRECT(ADDRESS(2,9,,,A7)&":"&ADDRESS(1000,9)) - C7),0)),0) - (F7+J7) )} -> 4.5301242 | O7: =IFERROR((1/(N7-M7)) / $O$12,0) -> 0.01522254 | R7: =IF(C7=-99,0,1/(F7-E7)) -> 0.22094238 | S7: =IF(C7=-99,0,1/(J7-I7)) -> 0.7243565 | T7: =IF(C7=-99,0,1/(N7-M7)) -> 1.1073853
A8: TROTT_DENS | B8: Surf. couverte par trottoirs (km2/km2) | C8: =INDEX(RESULTATS!$C$2:$C$10,MATCH(B8,RESULTATS!$B$2:$B$10,0)) -> 0.015 | D8: {=MAX(INDEX(INDIRECT(ADDRESS(2,2,,,A8)&":"&ADDRESS(1000,2)), MATCH(MIN(ABS(INDIRECT(ADDRESS(2,1,,,A8)&":"&ADDRESS(1000,1)) - C8)),ABS(INDIRECT(ADDRESS(2,1,,,A8)&":"&ADDRESS(1000,1)) - C8),0)),0)} -> 6.8055476 | E8: {=MAX(INDEX(INDIRECT(ADDRESS(2,4,,,A8)&":"&ADDRESS(1000,4)), MATCH(MIN(ABS(INDIRECT(ADDRESS(2,1,,,A8)&":"&ADDRESS(1000,1)) - C8)),ABS(INDIRECT(ADDRESS(2,1,,,A8)&":"&ADDRESS(1000,1)) - C8),0)),0)} -> 2.2585027 | F8: {=MAX(INDEX(INDIRECT(ADDRESS(2,3,,,A8)&":"&ADDRESS(1000,3)), MATCH(MIN(ABS(INDIRECT(ADDRESS(2,1,,,A8)&":"&ADDRESS(1000,1)) - C8)),ABS(INDIRECT(ADDRESS(2,1,,,A8)&":"&ADDRESS(1000,1)) - C8),0)),0)} -> 11.352592 | G8: =IFERROR((1/(F8-E8)) / $G$12,0) -> 0.31003391 | H8: {=MAX(INDEX(INDIRECT(ADDRESS(2,6,,,A8)&":"&ADDRESS(1000,6)), MATCH(MIN(ABS(INDIRECT(ADDRESS(2,5,,,A8)&":"&ADDRESS(1000,5)) - C8)),ABS(INDIRECT(ADDRESS(2,5,,,A8)&":"&ADDRESS(1000,5)) - C8),0)),0)} -> 1.5710044 | I8: {=MAX(INDEX(INDIRECT(ADDRESS(2,8,,,A8)&":"&ADDRESS(1000,8)), MATCH(MIN(ABS(INDIRECT(ADDRESS(2,5,,,A8)&":"&ADDRESS(1000,5)) - C8)),ABS(INDIRECT(ADDRESS(2,5,,,A8)&":"&ADDRESS(1000,5)) - C8),0)),0)} -> 0.84317806 | J8: {=MAX(INDEX(INDIRECT(ADDRESS(2,7,,,A8)&":"&ADDRESS(1000,7)), MATCH(MIN(ABS(INDIRECT(ADDRESS(2,5,,,A8)&":"&ADDRESS(1000,5)) - C8)),ABS(INDIRECT(ADDRESS(2,5,,,A8)&":"&ADDRESS(1000,5)) - C8),0)),0)} -> 2.2988308 | K8: =IFERROR((1/(J8-I8))/$K$12,0) -> 0.46243323 | L8: {=MAX(INDEX(INDIRECT(ADDRESS(2,10,,,A8)&":"&ADDRESS(1000,10)), MATCH(MIN(ABS(INDIRECT(ADDRESS(2,9,,,A8)&":"&ADDRESS(1000,9)) - C8)),ABS(INDIRECT(ADDRESS(2,9,,,A8)&":"&ADDRESS(1000,9)) - C8),0)),0) - (D8+H8)} -> 6.8702964 | M8: {=MIN( MAX(INDEX(INDIRECT(ADDRESS(2,12,,,A8)&":"&ADDRESS(1000,12)), MATCH(MIN(ABS(INDIRECT(ADDRESS(2,9,,,A8)&":"&ADDRESS(1000,9)) - C8)),ABS(INDIRECT(ADDRESS(2,9,,,A8)&":"&ADDRESS(1000,9)) - C8),0)),0) - (E8+I8), MAX(INDEX(INDIRECT(ADDRESS(2,11,,,A8)&":"&ADDRESS(1000,11)), MATCH(MIN(ABS(INDIRECT(ADDRESS(2,9,,,A8)&":"&ADDRESS(1000,9)) - C8)),ABS(INDIRECT(ADDRESS(2,9,,,A8)&":"&ADDRESS(1000,9)) - C8),0)),0) - (F8+J8) )} -> 6.0380607 | N8: {=MAX( MAX(INDEX(INDIRECT(ADDRESS(2,12,,,A8)&":"&ADDRESS(1000,12)), MATCH(MIN(ABS(INDIRECT(ADDRESS(2,9,,,A8)&":"&ADDRESS(1000,9)) - C8)),ABS(INDIRECT(ADDRESS(2,9,,,A8)&":"&ADDRESS(1000,9)) - C8),0)),0) - (E8+I8), MAX(INDEX(INDIRECT(ADDRESS(2,11,,,A8)&":"&ADDRESS(1000,11)), MATCH(MIN(ABS(INDIRECT(ADDRESS(2,9,,,A8)&":"&ADDRESS(1000,9)) - C8)),ABS(INDIRECT(ADDRESS(2,9,,,A8)&":"&ADDRESS(1000,9)) - C8),0)),0) - (F8+J8) )} -> 7.7025322 | O8: =IFERROR((1/(N8-M8)) / $O$12,0) -> 0.0082587058 | R8: =IF(C8=-99,0,1/(F8-E8)) -> 0.10996153 | S8: =IF(C8=-99,0,1/(J8-I8)) -> 0.68697702 | T8: =IF(C8=-99,0,1/(N8-M8)) -> 0.60079127
A9: TYPO_TD | B9: Typologie courtes distances | C9: =INDEX(RESULTATS!$C$2:$C$10,MATCH(B9,RESULTATS!$B$2:$B$10,0)) -> 4 | D9: {=MAX(INDEX(INDIRECT(ADDRESS(2,2,,,A9)&":"&ADDRESS(1000,2)), MATCH(MIN(ABS(INDIRECT(ADDRESS(2,1,,,A9)&":"&ADDRESS(1000,1)) - C9)),ABS(INDIRECT(ADDRESS(2,1,,,A9)&":"&ADDRESS(1000,1)) - C9),0)),0)} -> 8.418068 | E9: {=MAX(INDEX(INDIRECT(ADDRESS(2,3,,,A9)&":"&ADDRESS(1000,3)), MATCH(MIN(ABS(INDIRECT(ADDRESS(2,1,,,A9)&":"&ADDRESS(1000,1)) - C9)),ABS(INDIRECT(ADDRESS(2,1,,,A9)&":"&ADDRESS(1000,1)) - C9),0)),0)} -> 5.073904 | F9: {=MAX(INDEX(INDIRECT(ADDRESS(2,4,,,A9)&":"&ADDRESS(1000,4)), MATCH(MIN(ABS(INDIRECT(ADDRESS(2,1,,,A9)&":"&ADDRESS(1000,1)) - C9)),ABS(INDIRECT(ADDRESS(2,1,,,A9)&":"&ADDRESS(1000,1)) - C9),0)),0)} -> 11.762232 | G9: =IFERROR((1/(F9-E9)) / $G$12,0) -> 0.42155172 | H9: {=MAX(INDEX(INDIRECT(ADDRESS(2,6,,,A9)&":"&ADDRESS(1000,6)), MATCH(MIN(ABS(INDIRECT(ADDRESS(2,5,,,A9)&":"&ADDRESS(1000,5)) - C9)),ABS(INDIRECT(ADDRESS(2,5,,,A9)&":"&ADDRESS(1000,5)) - C9),0)),0)} -> 1.3644675 | I9: {=MAX(INDEX(INDIRECT(ADDRESS(2,7,,,A9)&":"&ADDRESS(1000,7)), MATCH(MIN(ABS(INDIRECT(ADDRESS(2,5,,,A9)&":"&ADDRESS(1000,5)) - C9)),ABS(INDIRECT(ADDRESS(2,5,,,A9)&":"&ADDRESS(1000,5)) - C9),0)),0)} -> 0.5791054 | J9: {=MAX(INDEX(INDIRECT(ADDRESS(2,8,,,A9)&":"&ADDRESS(1000,8)), MATCH(MIN(ABS(INDIRECT(ADDRESS(2,5,,,A9)&":"&ADDRESS(1000,5)) - C9)),ABS(INDIRECT(ADDRESS(2,5,,,A9)&":"&ADDRESS(1000,5)) - C9),0)),0)} -> 2.1498296 | K9: =IFERROR((1/(J9-I9))/$K$12,0) -> 0.42855531 | L9: {=MAX(INDEX(INDIRECT(ADDRESS(2,10,,,A9)&":"&ADDRESS(1000,10)), MATCH(MIN(ABS(INDIRECT(ADDRESS(2,9,,,A9)&":"&ADDRESS(1000,9)) - C9)),ABS(INDIRECT(ADDRESS(2,9,,,A9)&":"&ADDRESS(1000,9)) - C9),0)),0) - (D9+H9)} -> 7.7872765 | M9: {=MIN(MAX(INDEX(INDIRECT(ADDRESS(2,11,,,A9)&":"&ADDRESS(1000,11)), MATCH(MIN(ABS(INDIRECT(ADDRESS(2,9,,,A9)&":"&ADDRESS(1000,9))-C9)),ABS(INDIRECT(ADDRESS(2,9,,,A9)&":"&ADDRESS(1000,9))-C9),0)),0)-(E9+I9), MAX(INDEX(INDIRECT(ADDRESS(2,12,,,A9)&":"&ADDRESS(1000,12)), MATCH(MIN(ABS(INDIRECT(ADDRESS(2,9,,,A9)&":"&ADDRESS(1000,9)) - C9)),ABS(INDIRECT(ADDRESS(2,9,,,A9)&":"&ADDRESS(1000,9)) - C9),0)),0) - (F9+J9))} -> 7.4587906 | N9: {=MAX(MAX(INDEX(INDIRECT(ADDRESS(2,11,,,A9)&":"&ADDRESS(1000,11)), MATCH(MIN(ABS(INDIRECT(ADDRESS(2,9,,,A9)&":"&ADDRESS(1000,9))-C9)),ABS(INDIRECT(ADDRESS(2,9,,,A9)&":"&ADDRESS(1000,9))-C9),0)),0)-(E9+I9), MAX(INDEX(INDIRECT(ADDRESS(2,12,,,A9)&":"&ADDRESS(1000,12)), MATCH(MIN(ABS(INDIRECT(ADDRESS(2,9,,,A9)&":"&ADDRESS(1000,9)) - C9)),ABS(INDIRECT(ADDRESS(2,9,,,A9)&":"&ADDRESS(1000,9)) - C9),0)),0) - (F9+J9))} -> 8.0720564 | O9: =IFERROR((1/(N9-M9)) / $O$12,0) -> 0.022415047 | R9: =IF(C9=-99,0,1/(F9-E9)) -> 0.1495142 | S9: =IF(C9=-99,0,1/(J9-I9)) -> 0.63664899 | T9: =IF(C9=-99,0,1/(N9-M9)) -> 1.6306144
A10: W_OeV_KLASSE | B10: Classe de desserte TP | C10: =INDEX(RESULTATS!$C$2:$C$10,MATCH(B10,RESULTATS!$B$2:$B$10,0)) -> B | D10: =MAX(INDEX(INDIRECT(ADDRESS(2,2,,,A10)&":"&ADDRESS(1000,2)), MATCH(C10,INDIRECT(ADDRESS(2,1,,,A10)&":"&ADDRESS(1000,1)),0)),0) -> 6.025261 | E10: =MAX(INDEX(INDIRECT(ADDRESS(2,3,,,A10)&":"&ADDRESS(1000,3)), MATCH(C10,INDIRECT(ADDRESS(2,1,,,A10)&":"&ADDRESS(1000,1)),0)),0) -> 4.439666 | F10: =MAX(INDEX(INDIRECT(ADDRESS(2,4,,,A10)&":"&ADDRESS(1000,4)), MATCH(C10,INDIRECT(ADDRESS(2,1,,,A10)&":"&ADDRESS(1000,1)),0)),0) -> 7.582027 | G10: =IFERROR((1/(F10-E10)) / $G$12,0) -> 0.89724771 | H10: =MAX(INDEX(INDIRECT(ADDRESS(2,6,,,A10)&":"&ADDRESS(1000,6)), MATCH(C10,INDIRECT(ADDRESS(2,5,,,A10)&":"&ADDRESS(1000,5)),0)),0) -> 1.6579867 | I10: =MAX(INDEX(INDIRECT(ADDRESS(2,7,,,A10)&":"&ADDRESS(1000,7)), MATCH(C10,INDIRECT(ADDRESS(2,5,,,A10)&":"&ADDRESS(1000,5)),0)),0) -> 1.2613392 | J10: =MAX(INDEX(INDIRECT(ADDRESS(2,8,,,A10)&":"&ADDRESS(1000,8)), MATCH(C10,INDIRECT(ADDRESS(2,5,,,A10)&":"&ADDRESS(1000,5)),0)),0) -> 2.0546342 | K10: =IFERROR((1/(J10-I10))/$K$12,0) -> 0.84853951 | L10: =MAX(INDEX(INDIRECT(ADDRESS(2,10,,,A10)&":"&ADDRESS(1000,10)), MATCH(C10,INDIRECT(ADDRESS(2,9,,,A10)&":"&ADDRESS(1000,9)),0)),0) - (D10+H10) -> 4.9040803 | M10: =MIN(MAX(INDEX(INDIRECT(ADDRESS(2,11,,,A10)&":"&ADDRESS(1000,11)), MATCH(C10,INDIRECT(ADDRESS(2,9,,,A10)&":"&ADDRESS(1000,9)),0)),0) - (E10+I10), MAX(INDEX(INDIRECT(ADDRESS(2,12,,,A10)&":"&ADDRESS(1000,12)), MATCH(C10,INDIRECT(ADDRESS(2,9,,,A10)&":"&ADDRESS(1000,9)),0)),0) - (F10+J10)) -> 4.7447288 | N10: =MAX(MAX(INDEX(INDIRECT(ADDRESS(2,11,,,A10)&":"&ADDRESS(1000,11)), MATCH(C10,INDIRECT(ADDRESS(2,9,,,A10)&":"&ADDRESS(1000,9)),0)),0) - (E10+I10), MAX(INDEX(INDIRECT(ADDRESS(2,12,,,A10)&":"&ADDRESS(1000,12)), MATCH(C10,INDIRECT(ADDRESS(2,9,,,A10)&":"&ADDRESS(1000,9)),0)),0) - (F10+J10)) -> 5.0485548 | O10: =IFERROR((1/(N10-M10)) / $O$12,0) -> 0.045244266 | R10: =IF(C10=-99,0,1/(F10-E10)) -> 0.31823206 | S10: =IF(C10=-99,0,1/(J10-I10)) -> 1.260565 | T10: =IF(C10=-99,0,1/(N10-M10)) -> 3.2913583
A11: Places_Parking | B11: Nombre de places de parking par ménage | C11: =INDEX(RESULTATS!$C$2:$C$11,MATCH(B11,RESULTATS!$B$2:$B$11,0)) -> 0.6 | D11: {=MAX(INDEX(INDIRECT(ADDRESS(2,2,,,A11)&":"&ADDRESS(1000,2)), MATCH(MIN(ABS(INDIRECT(ADDRESS(2,1,,,A11)&":"&ADDRESS(1000,1)) - C11)),ABS(INDIRECT(ADDRESS(2,1,,,A11)&":"&ADDRESS(1000,1)) - C11),0)),0)} -> 4.7337218 | E11: {=MAX(INDEX(INDIRECT(ADDRESS(2,3,,,A11)&":"&ADDRESS(1000,3)), MATCH(MIN(ABS(INDIRECT(ADDRESS(2,1,,,A11)&":"&ADDRESS(1000,1)) - C11)),ABS(INDIRECT(ADDRESS(2,1,,,A11)&":"&ADDRESS(1000,1)) - C11),0)),0)} -> 3.3326324 | F11: {=MAX(INDEX(INDIRECT(ADDRESS(2,4,,,A11)&":"&ADDRESS(1000,4)), MATCH(MIN(ABS(INDIRECT(ADDRESS(2,1,,,A11)&":"&ADDRESS(1000,1)) - C11)),ABS(INDIRECT(ADDRESS(2,1,,,A11)&":"&ADDRESS(1000,1)) - C11),0)),0)} -> 6.1521086 | G11: =IFERROR((1/(F11-E11)) / $G$12,0) -> 1 | H11: {=MAX(INDEX(INDIRECT(ADDRESS(2,6,,,A11)&":"&ADDRESS(1000,6)), MATCH(MIN(ABS(INDIRECT(ADDRESS(2,5,,,A11)&":"&ADDRESS(1000,5)) - C11)),ABS(INDIRECT(ADDRESS(2,5,,,A11)&":"&ADDRESS(1000,5)) - C11),0)),0)} -> 1.8816959 | I11: {=MAX(INDEX(INDIRECT(ADDRESS(2,7,,,A11)&":"&ADDRESS(1000,7)), MATCH(MIN(ABS(INDIRECT(ADDRESS(2,5,,,A11)&":"&ADDRESS(1000,5)) - C11)),ABS(INDIRECT(ADDRESS(2,5,,,A11)&":"&ADDRESS(1000,5)) - C11),0)),0)} -> 1.5183668 | J11: {=MAX(INDEX(INDIRECT(ADDRESS(2,8,,,A11)&":"&ADDRESS(1000,8)), MATCH(MIN(ABS(INDIRECT(ADDRESS(2,5,,,A11)&":"&ADDRESS(1000,5)) - C11)),ABS(INDIRECT(ADDRESS(2,5,,,A11)&":"&ADDRESS(1000,5)) - C11),0)),0)} -> 2.2481982 | K11: =IFERROR((1/(J11-I11))/$K$12,0) -> 0.92232556 | L11: {=MAX(INDEX(INDIRECT(ADDRESS(2,10,,,A11)&":"&ADDRESS(1000,10)), MATCH(MIN(ABS(INDIRECT(ADDRESS(2,9,,,A11)&":"&ADDRESS(1000,9)) - C11)),ABS(INDIRECT(ADDRESS(2,9,,,A11)&":"&ADDRESS(1000,9)) - C11),0)),0) - (D11+H11)} -> 4.9229663 | M11: {=MIN( MAX(INDEX(INDIRECT(ADDRESS(2,11,,,A11)&":"&ADDRESS(1000,11)), MATCH(MIN(ABS(INDIRECT(ADDRESS(2,9,,,A11)&":"&ADDRESS(1000,9)) - C11)),ABS(INDIRECT(ADDRESS(2,9,,,A11)&":"&ADDRESS(1000,9)) - C11),0)),0) - (E11+I11), MAX(INDEX(INDIRECT(ADDRESS(2,12,,,A11)&":"&ADDRESS(1000,12)), MATCH(MIN(ABS(INDIRECT(ADDRESS(2,9,,,A11)&":"&ADDRESS(1000,9)) - C11)),ABS(INDIRECT(ADDRESS(2,9,,,A11)&":"&ADDRESS(1000,9)) - C11),0)),0) - (F11+J11) )} -> 4.729356 | N11: {=MAX( MAX(INDEX(INDIRECT(ADDRESS(2,11,,,A11)&":"&ADDRESS(1000,11)), MATCH(MIN(ABS(INDIRECT(ADDRESS(2,9,,,A11)&":"&ADDRESS(1000,9)) - C11)),ABS(INDIRECT(ADDRESS(2,9,,,A11)&":"&ADDRESS(1000,9)) - C11),0)),0) - (E11+I11), MAX(INDEX(INDIRECT(ADDRESS(2,12,,,A11)&":"&ADDRESS(1000,12)), MATCH(MIN(ABS(INDIRECT(ADDRESS(2,9,,,A11)&":"&ADDRESS(1000,9)) - C11)),ABS(INDIRECT(ADDRESS(2,9,,,A11)&":"&ADDRESS(1000,9)) - C11),0)),0) - (F11+J11) )} -> 5.0786236 | O11: =IFERROR((1/(N11-M11)) / $O$12,0) -> 0.039357741 | R11: =IF(C11=-99,0,1/(F11-E11)) -> 0.35467581 | S11: =IF(C11=-99,0,1/(J11-I11)) -> 1.3701793 | T11: =IF(C11=-99,0,1/(N11-M11)) -> 2.8631347
G12: =MAX(R2:R11) -> 0.35467581 | K12: =MAX(S2:S11) -> 1.4855702 | O12: =MAX(T2:T11) -> 72.746419
B14: Ce tableau se met automatiquement à jour, ne rien changer svp

Sheet Calculs_enquete
B1: Mean estimation (km TIM pp/j) | C1: Weight TIM | D1: Mean estimation (km MD pp/j) | E1: Weight MD | F1: Mean estimation (km TC pp/j) | G1: Weight TC
A2: Acc. gravitaire TIM | B2: =INDEX('enquêtes TIM'!$G$2:$G$13,MATCH(A2,'enquêtes TIM'!$A$2:$A$13,0)) -> 11.033221 | C2: =INDEX('enquêtes TIM'!$E$2:$E$13,MATCH(A2,'enquêtes TIM'!$A$2:$A$13,0)) -> 0.35195129 | D2: =INDEX('enquêtes MD'!$G$2:$G$13,MATCH(A2,'enquêtes MD'!$A$2:$A$13,0)) -> 2.0359613 | E2: =INDEX('enquêtes MD'!$E$2:$E$13,MATCH(A2,'enquêtes TIM'!$A$2:$A$13,0)) -> 0.078173262 | F2: =INDEX('enquêtes TC'!$G$2:$G$13,MATCH(A2,'enquêtes TC'!$A$2:$A$13,0)) -> 4.6321464 | G2: =INDEX('enquêtes TC'!$E$2:$E$13,MATCH(A2,'enquêtes TC'!$A$2:$A$13,0)) -> 0.56277659
A3: Acc. gravitaire TP | B3: =INDEX('enquêtes TIM'!$G$2:$G$13,MATCH(A3,'enquêtes TIM'!$A$2:$A$13,0)) -> 13.28488 | C3: =INDEX('enquêtes TIM'!$E$2:$E$13,MATCH(A3,'enquêtes TIM'!$A$2:$A$13,0)) -> 0.48449093 | D3: =INDEX('enquêtes MD'!$G$2:$G$13,MATCH(A3,'enquêtes MD'!$A$2:$A$13,0)) -> 1.8907335 | E3: =INDEX('enquêtes MD'!$E$2:$E$13,MATCH(A3,'enquêtes TIM'!$A$2:$A$13,0)) -> 0.13181109 | F3: =INDEX('enquêtes TC'!$G$2:$G$13,MATCH(A3,'enquêtes TC'!$A$2:$A$13,0)) -> 4.5702513 | G3: =INDEX('enquêtes TC'!$E$2:$E$13,MATCH(A3,'enquêtes TC'!$A$2:$A$13,0)) -> 0.50023995
A4: Dens. bâtiments (bât/m2) | B4: =INDEX('enquêtes TIM'!$G$2:$G$13,MATCH(A4,'enquêtes TIM'!$A$2:$A$13,0)) -> 11.830885 | C4: =INDEX('enquêtes TIM'!$E$2:$E$13,MATCH(A4,'enquêtes TIM'!$A$2:$A$13,0)) -> 0.2842538 | D4: =INDEX('enquêtes MD'!$G$2:$G$13,MATCH(A4,'enquêtes MD'!$A$2:$A$13,0)) -> 1.9931113 | E4: =INDEX('enquêtes MD'!$E$2:$E$13,MATCH(A4,'enquêtes TIM'!$A$2:$A$13,0)) -> 0.075656657 | F4: =INDEX('enquêtes TC'!$G$2:$G$13,MATCH(A4,'enquêtes TC'!$A$2:$A$13,0)) -> 4.7773714 | G4: =INDEX('enquêtes TC'!$E$2:$E$13,MATCH(A4,'enquêtes TC'!$A$2:$A$13,0)) -> 0.58913632
A5: Dens. population (pop/ha) | B5: =INDEX('enquêtes TIM'!$G$2:$G$13,MATCH(A5,'enquêtes TIM'!$A$2:$A$13,0)) -> 11.735404 | C5: =INDEX('enquêtes TIM'!$E$2:$E$13,MATCH(A5,'enquêtes TIM'!$A$2:$A$13,0)) -> 0.32344373 | D5: =INDEX('enquêtes MD'!$G$2:$G$13,MATCH(A5,'enquêtes MD'!$A$2:$A$13,0)) -> 2.0795035 | E5: =INDEX('enquêtes MD'!$E$2:$E$13,MATCH(A5,'enquêtes TIM'!$A$2:$A$13,0)) -> 0.052515953 | F5: =INDEX('enquêtes TC'!$G$2:$G$13,MATCH(A5,'enquêtes TC'!$A$2:$A$13,0)) -> 4.7866674 | G5: =INDEX('enquêtes TC'!$E$2:$E$13,MATCH(A5,'enquêtes TC'!$A$2:$A$13,0)) -> 0.62837307
A6: Ratio emplois - habitants | B6: =INDEX('enquêtes TIM'!$G$2:$G$13,MATCH(A6,'enquêtes TIM'!$A$2:$A$13,0)) -> 14.24964 | C6: =INDEX('enquêtes TIM'!$E$2:$E$13,MATCH(A6,'enquêtes TIM'!$A$2:$A$13,0)) -> 0.38827534 | D6: =INDEX('enquêtes MD'!$G$2:$G$13,MATCH(A6,'enquêtes MD'!$A$2:$A$13,0)) -> 1.5798526 | E6: =INDEX('enquêtes MD'!$E$2:$E$13,MATCH(A6,'enquêtes TIM'!$A$2:$A$13,0)) -> 0.28662294 | F6: =INDEX('enquêtes TC'!$G$2:$G$13,MATCH(A6,'enquêtes TC'!$A$2:$A$13,0)) -> 4.3408304 | G6: =INDEX('enquêtes TC'!$E$2:$E$13,MATCH(A6,'enquêtes TC'!$A$2:$A$13,0)) -> 0.50391217
A7: Densité routière (km/km2) | B7: =INDEX('enquêtes TIM'!$G$2:$G$13,MATCH(A7,'enquêtes TIM'!$A$2:$A$13,0)) -> 11.725582 | C7: =INDEX('enquêtes TIM'!$E$2:$E$13,MATCH(A7,'enquêtes TIM'!$A$2:$A$13,0)) -> 0.40428276 | D7: =INDEX('enquêtes MD'!$G$2:$G$13,MATCH(A7,'enquêtes MD'!$A$2:$A$13,0)) -> 1.9789688 | E7: =INDEX('enquêtes MD'!$E$2:$E$13,MATCH(A7,'enquêtes TIM'!$A$2:$A$13,0)) -> 0.10891563 | F7: =INDEX('enquêtes TC'!$G$2:$G$13,MATCH(A7,'enquêtes TC'!$A$2:$A$13,0)) -> 4.6259915 | G7: =INDEX('enquêtes TC'!$E$2:$E$13,MATCH(A7,'enquêtes TC'!$A$2:$A$13,0)) -> 0.53358489
A8: Surf. couverte par trottoirs (km2/km2) | B8: =INDEX('enquêtes TIM'!$G$2:$G$13,MATCH(A8,'enquêtes TIM'!$A$2:$A$13,0)) -> 11.490391 | C8: =INDEX('enquêtes TIM'!$E$2:$E$13,MATCH(A8,'enquêtes TIM'!$A$2:$A$13,0)) -> 0.33892296 | D8: =INDEX('enquêtes MD'!$G$2:$G$13,MATCH(A8,'enquêtes MD'!$A$2:$A$13,0)) -> 2.0058013 | E8: =INDEX('enquêtes MD'!$E$2:$E$13,MATCH(A8,'enquêtes TIM'!$A$2:$A$13,0)) -> 0.083888367 | F8: =INDEX('enquêtes TC'!$G$2:$G$13,MATCH(A8,'enquêtes TC'!$A$2:$A$13,0)) -> 4.750837 | G8: =INDEX('enquêtes TC'!$E$2:$E$13,MATCH(A8,'enquêtes TC'!$A$2:$A$13,0)) -> 0.62746941
A9: Typologie courtes distances | B9: =INDEX('enquêtes TIM'!$G$2:$G$13,MATCH(A9,'enquêtes TIM'!$A$2:$A$13,0)) -> 13.205781 | C9: =INDEX('enquêtes TIM'!$E$2:$E$13,MATCH(A9,'enquêtes TIM'!$A$2:$A$13,0)) -> 0.28650919 | D9: =INDEX('enquêtes MD'!$G$2:$G$13,MATCH(A9,'enquêtes MD'!$A$2:$A$13,0)) -> 1.7589918 | E9: =INDEX('enquêtes MD'!$E$2:$E$13,MATCH(A9,'enquêtes TIM'!$A$2:$A$13,0)) -> 0.15396205 | F9: =INDEX('enquêtes TC'!$G$2:$G$13,MATCH(A9,'enquêtes TC'!$A$2:$A$13,0)) -> 4.7012112 | G9: =INDEX('enquêtes TC'!$E$2:$E$13,MATCH(A9,'enquêtes TC'!$A$2:$A$13,0)) -> 0.5158292
A10: Classe de desserte TP | B10: =INDEX('enquêtes TIM'!$G$2:$G$13,MATCH(A10,'enquêtes TIM'!$A$2:$A$13,0)) -> 9.3387025 | C10: =INDEX('enquêtes TIM'!$E$2:$E$13,MATCH(A10,'enquêtes TIM'!$A$2:$A$13,0)) -> 0.12757889 | D10: =INDEX('enquêtes MD'!$G$2:$G$13,MATCH(A10,'enquêtes MD'!$A$2:$A$13,0)) -> 2.1185688 | E10: =INDEX('enquêtes MD'!$E$2:$E$13,MATCH(A10,'enquêtes TIM'!$A$2:$A$13,0)) -> 0.077642773 | F10: =INDEX('enquêtes TC'!$G$2:$G$13,MATCH(A10,'enquêtes TC'!$A$2:$A$13,0)) -> 4.5502047 | G10: =INDEX('enquêtes TC'!$E$2:$E$13,MATCH(A10,'enquêtes TC'!$A$2:$A$13,0)) -> 0.79214905
A12: Ce tableau se met automatiquement à jour, ne rien changer svp

Sheet RESULTATS
D1: Mean estimation (km TIM pp/j) | E1: Min estimation (km TIM pp/j) | F1: Max estimation (km TIM pp/j) | G1: Mean estimation (km MD pp/j) | H1: Min estimation (km MD pp/j) | I1: Max estimation (km MD pp/j) | J1: Mean estimation (km TC pp/j) | K1: Min estimation (km TC pp/j) | L1: Max estimation (km TC pp/j) | N1: Valeur basse enquêtes | O1: Valeur haute enquêtes | U1: Weight TIM | V1: Weight MD | W1: Weight TC | Y1: Weight TIM enquete | Z1: Weight MD enquete | AA1: Weight TC enquete | AC1: Weight TIM mod | AD1: Weight MD mod | AE1: Weight TC mod
B2: Acc. gravitaire TIM | C2: 25676 | D2: =IF(AND(C2>=N2,C2<=O2), ((INDEX(Calculs_enquete!$B$2:$B$10,MATCH(B2,Calculs_enquete!$A$2:$A$10,0))*Y2) + (INDEX(Calculs_modele!$D$2:$D$10,MATCH(B2,Calculs_modele!$B$2:$B$10,0)) * AC2))/(Y2+AC2), INDEX(Calculs_modele!$D$2:$D$10,MATCH(B2,Calculs_modele!$B$2:$B$10,0)) ) -> 8.5646137 | E2: =MAX(D2- (F2-D2),0) -> 6.0960067 | F2: =MAX(D2,INDEX(Calculs_modele!$F$2:$F$10,MATCH(B2,Calculs_modele!$B$2:$B$10,0)),INDEX(Calculs_enquete!$B$2:$B$10,MATCH(B2,Calculs_enquete!$A$2:$A$10,0))) -> 11.033221 | G2: =IF(AND(C2>=N2,C2<=O2), ((INDEX(Calculs_enquete!$D$2:$D$10,MATCH(B2,Calculs_enquete!$A$2:$A$10,0))*Z2) + (INDEX(Calculs_modele!$H$2:$H$10,MATCH(B2,Calculs_modele!$B$2:$B$10,0))*AD2)) / (Z2+AD2), INDEX(Calculs_modele!$H$2:$H$10,MATCH(B2,Calculs_modele!$B$2:$B$10,0)) ) -> 1.6120974 | H2: =MIN(G2, INDEX(Calculs_modele!$I$2:$I$10,MATCH(B2,Calculs_modele!$B$2:$B$10,0))) -> 1.2423915 | I2: =MAX(H2,INDEX(Calculs_modele!$J$2:$J$10,MATCH(B2,Calculs_modele!$B$2:$B$10,0))) -> 1.9155337 | J2: =IF(AND(C2>=N2,C2<=O2), ((INDEX(Calculs_enquete!$F$2:$F$10,MATCH(B2,Calculs_enquete!$A$2:$A$10,0))*AA2) + (INDEX(Calculs_modele!$L$2:$L$10,MATCH(B2,Calculs_modele!$B$2:$B$10,0)) *AE2)) / (AA2+AE2), INDEX(Calculs_modele!$L$2:$L$10,MATCH(B2,Calculs_modele!$B$2:$B$10,0)) ) -> 4.6484058 | K2: =MAX(J2-(L2-J2),0) -> 3.8112097 | L2: =MAX(J2,INDEX(Calculs_modele!$N$2:$N$10,MATCH(B2,Calculs_modele!$B$2:$B$10,0))) -> 5.4856019 | N2: 19370 | O2: 43803 | Q2: Mean emissions car (kg CO2 pkm) | R2: 0.229 | U2: =IF(AND(C2>=N2,C2<=O2), AVERAGE(Y2,AC2), AC2) -> 0.89897713 | V2: =IF(AND(D2>=O2,D2<=P2), AVERAGE(Z2,AD2), AD2) -> 1 | W2: =IF(AND(E2>=P2,E2<=Q2), AVERAGE(AA2,AE2), AE2) -> 0.2909581 | Y2: =INDEX(Calculs_modele!$G$2:$G$10,MATCH(B2,Calculs_modele!$B$2:$B$10,0)) -> 0.89897713 | Z2: =INDEX(Calculs_enquete!$E$2:$E$10,MATCH(B2,Calculs_enquete!$A$2:$A$10,0)) -> 0.078173262 | AA2: =INDEX(Calculs_enquete!$G$2:$G$10,MATCH(B2,Calculs_enquete!$A$2:$A$10,0)) -> 0.56277659 | AC2: =INDEX(Calculs_modele!$G$2:$G$10,MATCH(B2,Calculs_modele!$B$2:$B$10,0)) -> 0.89897713 | AD2: =INDEX(Calculs_modele!$K$2:$K$10,MATCH(B2,Calculs_modele!$B$2:$B$10,0)) -> 1 | AE2: =INDEX(Calculs_modele!$O$2:$O$10,MATCH(B2,Calculs_modele!$B$2:$B$10,0)) -> 0.019139622
B3: Acc. gravitaire TP | C3: 13868 | D3: =IF(AND(C3>=N3,C3<=O3), ((INDEX(Calculs_enquete!$B$2:$B$10,MATCH(B3,Calculs_enquete!$A$2:$A$10,0))*Y3) + (INDEX(Calculs_modele!$D$2:$D$10,MATCH(B3,Calculs_modele!$B$2:$B$10,0)) * AC3))/(Y3+AC3), INDEX(Calculs_modele!$D$2:$D$10,MATCH(B3,Calculs_modele!$B$2:$B$10,0)) ) -> 9.6719037 | E3: =MAX(D3- (F3-D3),0) -> 6.0589276 | F3: =MAX(D3,INDEX(Calculs_modele!$F$2:$F$10,MATCH(B3,Calculs_modele!$B$2:$B$10,0)),INDEX(Calculs_enquete!$B$2:$B$10,MATCH(B3,Calculs_enquete!$A$2:$A$10,0))) -> 13.28488 | G3: =IF(AND(C3>=N3,C3<=O3), ((INDEX(Calculs_enquete!$D$2:$D$10,MATCH(B3,Calculs_enquete!$A$2:$A$10,0))*Z3) + (INDEX(Calculs_modele!$H$2:$H$10,MATCH(B3,Calculs_modele!$B$2:$B$10,0))*AD3)) / (Z3+AD3), INDEX(Calculs_modele!$H$2:$H$10,MATCH(B3,Calculs_modele!$B$2:$B$10,0)) ) -> 1.4594537 | H3: =MIN(G3, INDEX(Calculs_modele!$I$2:$I$10,MATCH(B3,Calculs_modele!$B$2:$B$10,0))) -> 0.66093966 | I3: =MAX(H3,INDEX(Calculs_modele!$J$2:$J$10,MATCH(B3,Calculs_modele!$B$2:$B$10,0))) -> 2.0272034 | J3: =IF(AND(C3>=N3,C3<=O3), ((INDEX(Calculs_enquete!$F$2:$F$10,MATCH(B3,Calculs_enquete!$A$2:$A$10,0))*AA3) + (INDEX(Calculs_modele!$L$2:$L$10,MATCH(B3,Calculs_modele!$B$2:$B$10,0)) *AE3)) / (AA3+AE3), INDEX(Calculs_modele!$L$2:$L$10,MATCH(B3,Calculs_modele!$B$2:$B$10,0)) ) -> 4.7384073 | K3: =MAX(J3-(L3-J3),0) -> 4.6436193 | L3: =MAX(J3,INDEX(Calculs_modele!$N$2:$N$10,MATCH(B3,Calculs_modele!$B$2:$B$10,0))) -> 4.8331954 | N3: 13868 | O3: 119685 | Q3: Mean emissions mobilité douce (kg CO2 pkm) | R3: =0.15 * 0.0065 -> 0.000975 | U3: =IF(AND(C3>=N3,C3<=O3), AVERAGE(Y3,AC3), AC3) -> 0.27417297 | V3: =IF(AND(D3>=O3,D3<=P3), AVERAGE(Z3,AD3), AD3) -> 0.49268834 | W3: =IF(AND(E3>=P3,E3<=Q3), AVERAGE(AA3,AE3), AE3) -> 0.73009373 | Y3: =INDEX(Calculs_modele!$G$2:$G$10,MATCH(B3,Calculs_modele!$B$2:$B$10,0)) -> 0.27417297 | Z3: =INDEX(Calculs_enquete!$E$2:$E$10,MATCH(B3,Calculs_enquete!$A$2:$A$10,0)) -> 0.13181109 | AA3: =INDEX(Calculs_enquete!$G$2:$G$10,MATCH(B3,Calculs_enquete!$A$2:$A$10,0)) -> 0.50023995 | AC3: =INDEX(Calculs_modele!$G$2:$G$10,MATCH(B3,Calculs_modele!$B$2:$B$10,0)) -> 0.27417297 | AD3: =INDEX(Calculs_modele!$K$2:$K$10,MATCH(B3,Calculs_modele!$B$2:$B$10,0)) -> 0.49268834 | AE3: =INDEX(Calculs_modele!$O$2:$O$10,MATCH(B3,Calculs_modele!$B$2:$B$10,0)) -> 0.95994752
B4: Dens. bâtiments (bât/m2) | C4: 0.08 | D4: =IF(AND(C4>=N4,C4<=O4), ((INDEX(Calculs_enquete!$B$2:$B$10,MATCH(B4,Calculs_enquete!$A$2:$A$10,0))*Y4) + (INDEX(Calculs_modele!$D$2:$D$10,MATCH(B4,Calculs_modele!$B$2:$B$10,0)) * AC4))/(Y4+AC4), INDEX(Calculs_modele!$D$2:$D$10,MATCH(B4,Calculs_modele!$B$2:$B$10,0)) ) -> 10.451698 | E4: =MAX(D4- (F4-D4),0) -> 7.8101957 | F4: =MAX(D4,INDEX(Calculs_modele!$F$2:$F$10,MATCH(B4,Calculs_modele!$B$2:$B$10,0)),INDEX(Calculs_enquete!$B$2:$B$10,MATCH(B4,Calculs_enquete!$A$2:$A$10,0))) -> 13.093199 | G4: =IF(AND(C4>=N4,C4<=O4), ((INDEX(Calculs_enquete!$D$2:$D$10,MATCH(B4,Calculs_enquete!$A$2:$A$10,0))*Z4) + (INDEX(Calculs_modele!$H$2:$H$10,MATCH(B4,Calculs_modele!$B$2:$B$10,0))*AD4)) / (Z4+AD4), INDEX(Calculs_modele!$H$2:$H$10,MATCH(B4,Calculs_modele!$B$2:$B$10,0)) ) -> 1.3375687 | H4: =MIN(G4, INDEX(Calculs_modele!$I$2:$I$10,MATCH(B4,Calculs_modele!$B$2:$B$10,0))) -> 0.42958086 | I4: =MAX(H4,INDEX(Calculs_modele!$J$2:$J$10,MATCH(B4,Calculs_modele!$B$2:$B$10,0))) -> 2.0123275 | J4: =IF(AND(C4>=N4,C4<=O4), ((INDEX(Calculs_enquete!$F$2:$F$10,MATCH(B4,Calculs_enquete!$A$2:$A$10,0))*AA4) + (INDEX(Calculs_modele!$L$2:$L$10,MATCH(B4,Calculs_modele!$B$2:$B$10,0)) *AE4)) / (AA4+AE4), INDEX(Calculs_modele!$L$2:$L$10,MATCH(B4,Calculs_modele!$B$2:$B$10,0)) ) -> 5.4524738 | K4: =MAX(J4-(L4-J4),0) -> 5.0478733 | L4: =MAX(J4,INDEX(Calculs_modele!$N$2:$N$10,MATCH(B4,Calculs_modele!$B$2:$B$10,0))) -> 5.8570743 | N4: 0.08 | O4: 0.3 | Q4: Mean emissions transports en commun (kg CO2 pkm) | R4: =20.5/1000 -> 0.0205 | U4: =IF(AND(C4>=N4,C4<=O4), AVERAGE(Y4,AC4), AC4) -> 0.35062102 | V4: =IF(AND(D4>=O4,D4<=P4), AVERAGE(Z4,AD4), AD4) -> 0.42530004 | W4: =IF(AND(E4>=P4,E4<=Q4), AVERAGE(AA4,AE4), AE4) -> 0.79456816 | Y4: =INDEX(Calculs_modele!$G$2:$G$10,MATCH(B4,Calculs_modele!$B$2:$B$10,0)) -> 0.35062102 | Z4: =INDEX(Calculs_enquete!$E$2:$E$10,MATCH(B4,Calculs_enquete!$A$2:$A$10,0)) -> 0.075656657 | AA4: =INDEX(Calculs_enquete!$G$2:$G$10,MATCH(B4,Calculs_enquete!$A$2:$A$10,0)) -> 0.58913632 | AC4: =INDEX(Calculs_modele!$G$2:$G$10,MATCH(B4,Calculs_modele!$B$2:$B$10,0)) -> 0.35062102 | AD4: =INDEX(Calculs_modele!$K$2:$K$10,MATCH(B4,Calculs_modele!$B$2:$B$10,0)) -> 0.42530004 | AE4: =INDEX(Calculs_modele!$O$2:$O$10,MATCH(B4,Calculs_modele!$B$2:$B$10,0)) -> 1
B5: Dens. population (pop/ha) | C5: 43 | D5: =IF(AND(C5>=N5,C5<=O5), ((INDEX(Calculs_enquete!$B$2:$B$10,MATCH(B5,Calculs_enquete!$A$2:$A$10,0))*Y5) + (INDEX(Calculs_modele!$D$2:$D$10,MATCH(B5,Calculs_modele!$B$2:$B$10,0)) * AC5))/(Y5+AC5), INDEX(Calculs_modele!$D$2:$D$10,MATCH(B5,Calculs_modele!$B$2:$B$10,0)) ) -> 8.7788549 | E5: =MAX(D5- (F5-D5),0) -> 5.8223058 | F5: =MAX(D5,INDEX(Calculs_modele!$F$2:$F$10,MATCH(B5,Calculs_modele!$B$2:$B$10,0)),INDEX(Calculs_enquete!$B$2:$B$10,MATCH(B5,Calculs_enquete!$A$2:$A$10,0))) -> 11.735404 | G5: =IF(AND(C5>=N5,C5<=O5), ((INDEX(Calculs_enquete!$D$2:$D$10,MATCH(B5,Calculs_enquete!$A$2:$A$10,0))*Z5) + (INDEX(Calculs_modele!$H$2:$H$10,MATCH(B5,Calculs_modele!$B$2:$B$10,0))*AD5)) / (Z5+AD5), INDEX(Calculs_modele!$H$2:$H$10,MATCH(B5,Calculs_modele!$B$2:$B$10,0)) ) -> 1.392767 | H5: =MIN(G5, INDEX(Calculs_modele!$I$2:$I$10,MATCH(B5,Calculs_modele!$B$2:$B$10,0))) -> 0.60834305 | I5: =MAX(H5,INDEX(Calculs_modele!$J$2:$J$10,MATCH(B5,Calculs_modele!$B$2:$B$10,0))) -> 2.0253539 | J5: =IF(AND(C5>=N5,C5<=O5), ((INDEX(Calculs_enquete!$F$2:$F$10,MATCH(B5,Calculs_enquete!$A$2:$A$10,0))*AA5) + (INDEX(Calculs_modele!$L$2:$L$10,MATCH(B5,Calculs_modele!$B$2:$B$10,0)) *AE5)) / (AA5+AE5), INDEX(Calculs_modele!$L$2:$L$10,MATCH(B5,Calculs_modele!$B$2:$B$10,0)) ) -> 4.8065278 | K5: =MAX(J5-(L5-J5),0) -> 4.2918537 | L5: =MAX(J5,INDEX(Calculs_modele!$N$2:$N$10,MATCH(B5,Calculs_modele!$B$2:$B$10,0))) -> 5.3212019 | N5: 43 | O5: 226 | U5: =IF(AND(C5>=N5,C5<=O5), AVERAGE(Y5,AC5), AC5) -> 0.54810062 | V5: =IF(AND(D5>=O5,D5<=P5), AVERAGE(Z5,AD5), AD5) -> 0.4750438 | W5: =IF(AND(E5>=P5,E5<=Q5), AVERAGE(AA5,AE5), AE5) -> 0.037602248 | Y5: =INDEX(Calculs_modele!$G$2:$G$10,MATCH(B5,Calculs_modele!$B$2:$B$10,0)) -> 0.54810062 | Z5: =INDEX(Calculs_enquete!$E$2:$E$10,MATCH(B5,Calculs_enquete!$A$2:$A$10,0)) -> 0.052515953 | AA5: =INDEX(Calculs_enquete!$G$2:$G$10,MATCH(B5,Calculs_enquete!$A$2:$A$10,0)) -> 0.62837307 | AC5: =INDEX(Calculs_modele!$G$2:$G$10,MATCH(B5,Calculs_modele!$B$2:$B$10,0)) -> 0.54810062 | AD5: =INDEX(Calculs_modele!$K$2:$K$10,MATCH(B5,Calculs_modele!$B$2:$B$10,0)) -> 0.4750438 | AE5: =INDEX(Calculs_modele!$O$2:$O$10,MATCH(B5,Calculs_modele!$B$2:$B$10,0)) -> 0.037602248
B6: Ratio emplois - habitants | C6: 0.205 | D6: =IF(AND(C6>=N6,C6<=O6), ((INDEX(Calculs_enquete!$B$2:$B$10,MATCH(B6,Calculs_enquete!$A$2:$A$10,0))*Y6) + (INDEX(Calculs_modele!$D$2:$D$10,MATCH(B6,Calculs_modele!$B$2:$B$10,0)) * AC6))/(Y6+AC6), INDEX(Calculs_modele!$D$2:$D$10,MATCH(B6,Calculs_modele!$B$2:$B$10,0)) ) -> 10.855802 | E6: =MAX(D6- (F6-D6),0) -> 7.4619643 | F6: =MAX(D6,INDEX(Calculs_modele!$F$2:$F$10,MATCH(B6,Calculs_modele!$B$2:$B$10,0)),INDEX(Calculs_enquete!$B$2:$B$10,MATCH(B6,Calculs_enquete!$A$2:$A$10,0))) -> 14.24964 | G6: =IF(AND(C6>=N6,C6<=O6), ((INDEX(Calculs_enquete!$D$2:$D$10,MATCH(B6,Calculs_enquete!$A$2:$A$10,0))*Z6) + (INDEX(Calculs_modele!$H$2:$H$10,MATCH(B6,Calculs_modele!$B$2:$B$10,0))*AD6)) / (Z6+AD6), INDEX(Calculs_modele!$H$2:$H$10,MATCH(B6,Calculs_modele!$B$2:$B$10,0)) ) -> 1.2063014 | H6: =MIN(G6, INDEX(Calculs_modele!$I$2:$I$10,MATCH(B6,Calculs_modele!$B$2:$B$10,0))) -> 0 | I6: =MAX(H6,INDEX(Calculs_modele!$J$2:$J$10,MATCH(B6,Calculs_modele!$B$2:$B$10,0))) -> 2.1051562 | J6: =IF(AND(C6>=N6,C6<=O6), ((INDEX(Calculs_enquete!$F$2:$F$10,MATCH(B6,Calculs_enquete!$A$2:$A$10,0))*AA6) + (INDEX(Calculs_modele!$L$2:$L$10,MATCH(B6,Calculs_modele!$B$2:$B$10,0)) *AE6)) / (AA6+AE6), INDEX(Calculs_modele!$L$2:$L$10,MATCH(B6,Calculs_modele!$B$2:$B$10,0)) ) -> 4.3859067 | K6: =MAX(J6-(L6-J6),0) -> 0 | L6: =MAX(J6,INDEX(Calculs_modele!$N$2:$N$10,MATCH(B6,Calculs_modele!$B$2:$B$10,0))) -> 9.0275775 | N6: 0.205 | O6: 0.8 | U6: =IF(AND(C6>=N6,C6<=O6), AVERAGE(Y6,AC6), AC6) -> 0.28716002 | V6: =IF(AND(D6>=O6,D6<=P6), AVERAGE(Z6,AD6), AD6) -> 0.3197588 | W6: =IF(AND(E6>=P6,E6<=Q6), AVERAGE(AA6,AE6), AE6) -> 0.0061349799 | Y6: =INDEX(Calculs_modele!$G$2:$G$10,MATCH(B6,Calculs_modele!$B$2:$B$10,0)) -> 0.28716002 | Z6: =INDEX(Calculs_enquete!$E$2:$E$10,MATCH(B6,Calculs_enquete!$A$2:$A$10,0)) -> 0.28662294 | AA6: =INDEX(Calculs_enquete!$G$2:$G$10,MATCH(B6,Calculs_enquete!$A$2:$A$10,0)) -> 0.50391217 | AC6: =INDEX(Calculs_modele!$G$2:$G$10,MATCH(B6,Calculs_modele!$B$2:$B$10,0)) -> 0.28716002 | AD6: =INDEX(Calculs_modele!$K$2:$K$10,MATCH(B6,Calculs_modele!$B$2:$B$10,0)) -> 0.3197588 | AE6: =INDEX(Calculs_modele!$O$2:$O$10,MATCH(B6,Calculs_modele!$B$2:$B$10,0)) -> 0.0061349799
B7: Densité routière (km/km2) | C7: 17 | D7: =IF(AND(C7>=N7,C7<=O7), ((INDEX(Calculs_enquete!$B$2:$B$10,MATCH(B7,Calculs_enquete!$A$2:$A$10,0))*Y7) + (INDEX(Calculs_modele!$D$2:$D$10,MATCH(B7,Calculs_modele!$B$2:$B$10,0)) * AC7))/(Y7+AC7), INDEX(Calculs_modele!$D$2:$D$10,MATCH(B7,Calculs_modele!$B$2:$B$10,0)) ) -> 9.6117514 | E7: =MAX(D7- (F7-D7),0) -> 7.4979213 | F7: =MAX(D7,INDEX(Calculs_modele!$F$2:$F$10,MATCH(B7,Calculs_modele!$B$2:$B$10,0)),INDEX(Calculs_enquete!$B$2:$B$10,MATCH(B7,Calculs_enquete!$A$2:$A$10,0))) -> 11.725582 | G7: =IF(AND(C7>=N7,C7<=O7), ((INDEX(Calculs_enquete!$D$2:$D$10,MATCH(B7,Calculs_enquete!$A$2:$A$10,0))*Z7) + (INDEX(Calculs_modele!$H$2:$H$10,MATCH(B7,Calculs_modele!$B$2:$B$10,0))*AD7)) / (Z7+AD7), INDEX(Calculs_modele!$H$2:$H$10,MATCH(B7,Calculs_modele!$B$2:$B$10,0)) ) -> 1.5781058 | H7: =MIN(G7, INDEX(Calculs_modele!$I$2:$I$10,MATCH(B7,Calculs_modele!$B$2:$B$10,0))) -> 0.79829591 | I7: =MAX(H7,INDEX(Calculs_modele!$J$2:$J$10,MATCH(B7,Calculs_modele!$B$2:$B$10,0))) -> 2.1788316 | J7: =IF(AND(C7>=N7,C7<=O7), ((INDEX(Calculs_enquete!$F$2:$F$10,MATCH(B7,Calculs_enquete!$A$2:$A$10,0))*AA7) + (INDEX(Calculs_modele!$L$2:$L$10,MATCH(B7,Calculs_modele!$B$2:$B$10,0)) *AE7)) / (AA7+AE7), INDEX(Calculs_modele!$L$2:$L$10,MATCH(B7,Calculs_modele!$B$2:$B$10,0)) ) -> 4.6108085 | K7: =MAX(J7-(L7-J7),0) -> 4.6108085 | L7: =MAX(J7,INDEX(Calculs_modele!$N$2:$N$10,MATCH(B7,Calculs_modele!$B$2:$B$10,0))) -> 4.6108085 | N7: 15 | O7: 43 | U7: =IF(AND(C7>=N7,C7<=O7), AVERAGE(Y7,AC7), AC7) -> 0.62294178 | V7: =IF(AND(D7>=O7,D7<=P7), AVERAGE(Z7,AD7), AD7) -> 0.48759493 | W7: =IF(AND(E7>=P7,E7<=Q7), AVERAGE(AA7,AE7), AE7) -> 0.01522254 | Y7: =INDEX(Calculs_modele!$G$2:$G$10,MATCH(B7,Calculs_modele!$B$2:$B$10,0)) -> 0.62294178 | Z7: =INDEX(Calculs_enquete!$E$2:$E$10,MATCH(B7,Calculs_enquete!$A$2:$A$10,0)) -> 0.10891563 | AA7: =INDEX(Calculs_enquete!$G$2:$G$10,MATCH(B7,Calculs_enquete!$A$2:$A$10,0)) -> 0.53358489 | AC7: =INDEX(Calculs_modele!$G$2:$G$10,MATCH(B7,Calculs_modele!$B$2:$B$10,0)) -> 0.62294178 | AD7: =INDEX(Calculs_modele!$K$2:$K$10,MATCH(B7,Calculs_modele!$B$2:$B$10,0)) -> 0.48759493 | AE7: =INDEX(Calculs_modele!$O$2:$O$10,MATCH(B7,Calculs_modele!$B$2:$B$10,0)) -> 0.01522254
B8: Surf. couverte par trottoirs (km2/km2) | C8: 0.015 | D8: =IF(AND(C8>=N8,C8<=O8), ((INDEX(Calculs_enquete!$B$2:$B$10,MATCH(B8,Calculs_enquete!$A$2:$A$10,0))*Y8) + (INDEX(Calculs_modele!$D$2:$D$10,MATCH(B8,Calculs_modele!$B$2:$B$10,0)) * AC8))/(Y8+AC8), INDEX(Calculs_modele!$D$2:$D$10,MATCH(B8,Calculs_modele!$B$2:$B$10,0)) ) -> 9.1479694 | E8: =MAX(D8- (F8-D8),0) -> 6.8055476 | F8: =MAX(D8,INDEX(Calculs_modele!$F$2:$F$10,MATCH(B8,Calculs_modele!$B$2:$B$10,0)),INDEX(Calculs_enquete!$B$2:$B$10,MATCH(B8,Calculs_enquete!$A$2:$A$10,0))) -> 11.490391 | G8: =IF(AND(C8>=N8,C8<=O8), ((INDEX(Calculs_enquete!$D$2:$D$10,MATCH(B8,Calculs_enquete!$A$2:$A$10,0))*Z8) + (INDEX(Calculs_modele!$H$2:$H$10,MATCH(B8,Calculs_modele!$B$2:$B$10,0))*AD8)) / (Z8+AD8), INDEX(Calculs_modele!$H$2:$H$10,MATCH(B8,Calculs_modele!$B$2:$B$10,0)) ) -> 1.637768 | H8: =MIN(G8, INDEX(Calculs_modele!$I$2:$I$10,MATCH(B8,Calculs_modele!$B$2:$B$10,0))) -> 0.84317806 | I8: =MAX(H8,INDEX(Calculs_modele!$J$2:$J$10,MATCH(B8,Calculs_modele!$B$2:$B$10,0))) -> 2.2988308 | J8: =IF(AND(C8>=N8,C8<=O8), ((INDEX(Calculs_enquete!$F$2:$F$10,MATCH(B8,Calculs_enquete!$A$2:$A$10,0))*AA8) + (INDEX(Calculs_modele!$L$2:$L$10,MATCH(B8,Calculs_modele!$B$2:$B$10,0)) *AE8)) / (AA8+AE8), INDEX(Calculs_modele!$L$2:$L$10,MATCH(B8,Calculs_modele!$B$2:$B$10,0)) ) -> 4.7783708 | K8: =MAX(J8-(L8-J8),0) -> 1.8542093 | L8: =MAX(J8,INDEX(Calculs_modele!$N$2:$N$10,MATCH(B8,Calculs_modele!$B$2:$B$10,0))) -> 7.7025322 | N8: 0.015 | O8: 0.086 | U8: =IF(AND(C8>=N8,C8<=O8), AVERAGE(Y8,AC8), AC8) -> 0.31003391 | V8: =IF(AND(D8>=O8,D8<=P8), AVERAGE(Z8,AD8), AD8) -> 0.46243323 | W8: =IF(AND(E8>=P8,E8<=Q8), AVERAGE(AA8,AE8), AE8) -> 0.0082587058 | Y8: =INDEX(Calculs_modele!$G$2:$G$10,MATCH(B8,Calculs_modele!$B$2:$B$10,0)) -> 0.31003391 | Z8: =INDEX(Calculs_enquete!$E$2:$E$10,MATCH(B8,Calculs_enquete!$A$2:$A$10,0)) -> 0.083888367 | AA8: =INDEX(Calculs_enquete!$G$2:$G$10,MATCH(B8,Calculs_enquete!$A$2:$A$10,0)) -> 0.62746941 | AC8: =INDEX(Calculs_modele!$G$2:$G$10,MATCH(B8,Calculs_modele!$B$2:$B$10,0)) -> 0.31003391 | AD8: =INDEX(Calculs_modele!$K$2:$K$10,MATCH(B8,Calculs_modele!$B$2:$B$10,0)) -> 0.46243323 | AE8: =INDEX(Calculs_modele!$O$2:$O$10,MATCH(B8,Calculs_modele!$B$2:$B$10,0)) -> 0.0082587058
B9: Typologie courtes distances | C9: 4 | D9: =IF(AND(C9>=N9,C9<=O9), ((INDEX(Calculs_enquete!$B$2:$B$10,MATCH(B9,Calculs_enquete!$A$2:$A$10,0))*Y9) + (INDEX(Calculs_modele!$D$2:$D$10,MATCH(B9,Calculs_modele!$B$2:$B$10,0)) * AC9))/(Y9+AC9), INDEX(Calculs_modele!$D$2:$D$10,MATCH(B9,Calculs_modele!$B$2:$B$10,0)) ) -> 10.811924 | E9: =MAX(D9- (F9-D9),0) -> 8.418068 | F9: =MAX(D9,INDEX(Calculs_modele!$F$2:$F$10,MATCH(B9,Calculs_modele!$B$2:$B$10,0)),INDEX(Calculs_enquete!$B$2:$B$10,MATCH(B9,Calculs_enquete!$A$2:$A$10,0))) -> 13.205781 | G9: =IF(AND(C9>=N9,C9<=O9), ((INDEX(Calculs_enquete!$D$2:$D$10,MATCH(B9,Calculs_enquete!$A$2:$A$10,0))*Z9) + (INDEX(Calculs_modele!$H$2:$H$10,MATCH(B9,Calculs_modele!$B$2:$B$10,0))*AD9)) / (Z9+AD9), INDEX(Calculs_modele!$H$2:$H$10,MATCH(B9,Calculs_modele!$B$2:$B$10,0)) ) -> 1.4687421 | H9: =MIN(G9, INDEX(Calculs_modele!$I$2:$I$10,MATCH(B9,Calculs_modele!$B$2:$B$10,0))) -> 0.5791054 | I9: =MAX(H9,INDEX(Calculs_modele!$J$2:$J$10,MATCH(B9,Calculs_modele!$B$2:$B$10,0))) -> 2.1498296 | J9: =IF(AND(C9>=N9,C9<=O9), ((INDEX(Calculs_enquete!$F$2:$F$10,MATCH(B9,Calculs_enquete!$A$2:$A$10,0))*AA9) + (INDEX(Calculs_modele!$L$2:$L$10,MATCH(B9,Calculs_modele!$B$2:$B$10,0)) *AE9)) / (AA9+AE9), INDEX(Calculs_modele!$L$2:$L$10,MATCH(B9,Calculs_modele!$B$2:$B$10,0)) ) -> 4.8297296 | K9: =MAX(J9-(L9-J9),0) -> 1.5874028 | L9: =MAX(J9,INDEX(Calculs_modele!$N$2:$N$10,MATCH(B9,Calculs_modele!$B$2:$B$10,0))) -> 8.0720564 | N9: 1 | O9: 4 | U9: =IF(AND(C9>=N9,C9<=O9), AVERAGE(Y9,AC9), AC9) -> 0.42155172 | V9: =IF(AND(D9>=O9,D9<=P9), AVERAGE(Z9,AD9), AD9) -> 0.42855531 | W9: =IF(AND(E9>=P9,E9<=Q9), AVERAGE(AA9,AE9), AE9) -> 0.022415047 | Y9: =INDEX(Calculs_modele!$G$2:$G$10,MATCH(B9,Calculs_modele!$B$2:$B$10,0)) -> 0.42155172 | Z9: =INDEX(Calculs_enquete!$E$2:$E$10,MATCH(B9,Calculs_enquete!$A$2:$A$10,0)) -> 0.15396205 | AA9: =INDEX(Calculs_enquete!$G$2:$G$10,MATCH(B9,Calculs_enquete!$A$2:$A$10,0)) -> 0.5158292 | AC9: =INDEX(Calculs_modele!$G$2:$G$10,MATCH(B9,Calculs_modele!$B$2:$B$10,0)) -> 0.42155172 | AD9: =INDEX(Calculs_modele!$K$2:$K$10,MATCH(B9,Calculs_modele!$B$2:$B$10,0)) -> 0.42855531 | AE9: =INDEX(Calculs_modele!$O$2:$O$10,MATCH(B9,Calculs_modele!$B$2:$B$10,0)) -> 0.022415047
B10: Classe de desserte TP | C10: B | D10: {=IF(AND(COLUMN(INDIRECT(C10&1))>=N10,COLUMN(INDIRECT(C10&1))<=O10 ), ((INDEX(Calculs_enquete!$B$2:$B$10,MATCH(B10,Calculs_enquete!$A$2:$A$10,0))*Y10) + (INDEX(Calculs_modele!$D$2:$D$10,MATCH(B10,Calculs_modele!$B$2:$B$10,0)) * AC10))/(Y10+AC10), INDEX(Calculs_modele!$D$2:$D$10,MATCH(B10,Calculs_modele!$B$2:$B$10,0)))} -> 7.6819817 | E10: =MAX(D10- (F10-D10),0) -> 6.025261 | F10: =MAX(D10,INDEX(Calculs_modele!$F$2:$F$10,MATCH(B10,Calculs_modele!$B$2:$B$10,0)),INDEX(Calculs_enquete!$B$2:$B$10,MATCH(B10,Calculs_enquete!$A$2:$A$10,0))) -> 9.3387025 | G10: =IF(AND(C10>=N10,C10<=O10), ((INDEX(Calculs_enquete!$D$2:$D$10,MATCH(B10,Calculs_enquete!$A$2:$A$10,0))*Z10) + (INDEX(Calculs_modele!$H$2:$H$10,MATCH(B10,Calculs_modele!$B$2:$B$10,0)))*AD10) / (Z10+AD10), INDEX(Calculs_modele!$H$2:$H$10,MATCH(B10,Calculs_modele!$B$2:$B$10,0)) ) -> 1.6579867 | H10: =MIN(G10, INDEX(Calculs_modele!$I$2:$I$10,MATCH(B10,Calculs_modele!$B$2:$B$10,0))) -> 1.2613392 | I10: =MAX(H10,INDEX(Calculs_modele!$J$2:$J$10,MATCH(B10,Calculs_modele!$B$2:$B$10,0))) -> 2.0546342 | J10: =IF(AND(C10>=N10,C10<=O10), (INDEX(Calculs_enquete!$F$2:$F$10,MATCH(B10,Calculs_enquete!$A$2:$A$10,0))*AA10) + (INDEX(Calculs_modele!$L$2:$L$10,MATCH(B10,Calculs_modele!$B$2:$B$10,0))*AE10) / (AA10+AE10), INDEX(Calculs_modele!$L$2:$L$10,MATCH(B10,Calculs_modele!$B$2:$B$10,0)) ) -> 4.9040803 | K10: =MAX(J10-(L10-J10),0) -> 4.7596058 | L10: =MAX(J10,INDEX(Calculs_modele!$N$2:$N$10,MATCH(B10,Calculs_modele!$B$2:$B$10,0))) -> 5.0485548 | N10: 1 | O10: 3 | U10: =IF(AND(C10>=N10,C10<=O10), AVERAGE(Y10,AC10), AC10) -> 0.89724771 | V10: =IF(AND(D10>=O10,D10<=P10), AVERAGE(Z10,AD10), AD10) -> 0.84853951 | W10: =IF(AND(E10>=P10,E10<=Q10), AVERAGE(AA10,AE10), AE10) -> 0.045244266 | Y10: =INDEX(Calculs_modele!$G$2:$G$10,MATCH(B10,Calculs_modele!$B$2:$B$10,0)) -> 0.89724771 | Z10: =INDEX(Calculs_enquete!$E$2:$E$10,MATCH(B10,Calculs_enquete!$A$2:$A$10,0)) -> 0.077642773 | AA10: =INDEX(Calculs_enquete!$G$2:$G$10,MATCH(B10,Calculs_enquete!$A$2:$A$10,0)) -> 0.79214905 | AC10: =INDEX(Calculs_modele!$G$2:$G$10,MATCH(B10,Calculs_modele!$B$2:$B$10,0)) -> 0.89724771 | AD10: =INDEX(Calculs_modele!$K$2:$K$10,MATCH(B10,Calculs_modele!$B$2:$B$10,0)) -> 0.84853951 | AE10: =INDEX(Calculs_modele!$O$2:$O$10,MATCH(B10,Calculs_modele!$B$2:$B$10,0)) -> 0.045244266
B11: Nombre de places de parking par ménage | C11: 0.6 | D11: =INDEX(Calculs_modele!$D$2:$D$11,MATCH(B11,Calculs_modele!$B$2:$B$11,0)) -> 4.7337218 | E11: =MAX(D11-(F11-D11),0) -> 3.315335 | F11: =INDEX(Calculs_modele!$F$2:$F$11,MATCH(B11,Calculs_modele!$B$2:$B$11,0)) -> 6.1521086 | G11: =INDEX(Calculs_modele!$H$2:$H$11,MATCH(B11,Calculs_modele!$B$2:$B$11,0)) -> 1.8816959 | H11: =INDEX(Calculs_modele!$I$2:$I$11,MATCH(B11,Calculs_modele!$B$2:$B$11,0)) -> 1.5183668 | I11: =INDEX(Calculs_modele!$J$2:$J$11,MATCH(B11,Calculs_modele!$B$2:$B$11,0)) -> 2.2481982 | J11: =INDEX(Calculs_modele!$L$2:$L$11,MATCH(B11,Calculs_modele!$B$2:$B$11,0)) -> 4.9229663 | K11: =MAX(J11-(L11-J11)) -> 4.767309 | L11: =INDEX(Calculs_modele!$N$2:$N$11,MATCH(B11,Calculs_modele!$B$2:$B$11,0)) -> 5.0786236 | U11: =IF(AND(C11>=N11,C11<=O11), AVERAGE(Y11,AC11), AC11) -> 1 | V11: =IF(AND(D11>=O11,D11<=P11), AVERAGE(Z11,AD11), AD11) -> 0.92232556 | W11: =IF(AND(E11>=P11,E11<=Q11), AVERAGE(AA11,AE11), AE11) -> 0.039357741 | Y11: =INDEX(Calculs_modele!$G$2:$G$11,MATCH(B11,Calculs_modele!$B$2:$B$11,0)) -> 1 | Z11: =INDEX(Calculs_modele!$K$2:$K$11,MATCH(B11,Calculs_modele!$B$2:$B$11,0)) -> 0.92232556 | AA11: =INDEX(Calculs_modele!$O$2:$O$11,MATCH(B11,Calculs_modele!$B$2:$B$11,0)) -> 0.039357741 | AC11: =INDEX(Calculs_modele!$G$2:$G$11,MATCH(B11,Calculs_modele!$B$2:$B$11,0)) -> 1 | AD11: =INDEX(Calculs_modele!$K$2:$K$11,MATCH(B11,Calculs_modele!$B$2:$B$11,0)) -> 0.92232556 | AE11: =INDEX(Calculs_modele!$O$2:$O$11,MATCH(B11,Calculs_modele!$B$2:$B$11,0)) -> 0.039357741
N12: Veuillez svp ne pas modifier les cellules ci-dessus | U12: Veuillez svp ne pas modifier les cellules ci-dessus | Y12: Veuillez svp ne pas modifier les cellules ci-dessus | AC12: Veuillez svp ne pas modifier les cellules ci-dessus
B13: Collez les résultats de l'application web dans le tableau bleu | D13: Distance voiture (km pp/j) Moyenne | E13: Distance voiture (km pp/j) Estimation basse | F13: Distance voiture (km pp/j) Estimation haute | G13: Distance mobilité douce (km pp/j) Moyenne | H13: Distance mobilité douce (km pp/j) Estimation basse | I13: Distance mobilité douce (km pp/j) Estimation haute | J13: Distance transports publics (km pp/j) Moyenne | K13: Distance transports publics (km pp/j) Estimation basse | L13: Distance transports publics (km pp/j) Estimation haute
B14: Si vous voulez enlever une variable, il suffit de mettre sa valeur comme -99 | D14: {=SUM(D2:D11 * $U$2:$U$11) / SUM($U$2:$U$11)} -> 8.3682597 | E14: {=SUM(E2:E11* $U$2:$U$11) / SUM($U$2:$U$11)} -> 6.1068984 | F14: {=SUM(F2:F11 * $U$2:$U$11) / SUM($U$2:$U$11)} -> 10.629621 | G14: {=SUM(G2:G11 * $V$2:$V$11) / SUM($V$2:$V$11)} -> 1.577221 | H14: {=SUM(H2:H11* $V$2:$V$11) / SUM($V$2:$V$11)} -> 0.94465279 | I14: {=SUM(I2:I11 * $V$2:$V$11) / SUM($V$2:$V$11)} -> 2.0929208 | J14: {=SUM(J2:J11 * $W$2:$W$11) / SUM($W$2:$W$11)} -> 5.0182171 | K14: {=SUM(K2:K11* $W$2:$W$11) / SUM($W$2:$W$11)} -> 4.6211903 | L14: {=SUM(L2:L11* $W$2:$W$11) / SUM($W$2:$W$11)} -> 5.4160324
D16: Emissions voiture (kg CO2 pp/j) Moyenne | E16: Emissions voiture (kg CO2 pp/j) Estimation basse | F16: Emissions voiture (kg CO2 pp/j) Estimation haute | G16: Emissions mobilité douce (kg CO2 pp/j) Moyenne | H16: Emissions mobilité douce (kg CO2 pp/j) Estimation basse | I16: Emissions mobilité douce (kg CO2 pp/j) Estimation haute | J16: Emissions transports publics (kg CO2 pp/j) Moyenne | K16: Emissions transports publics (kg CO2 pp/j) Estimation basse | L16: Emissions transports publics (kg CO2 pp/j) Estimation haute
D17: =D14 * $R$2 -> 1.9163315 | E17: =E14* $R$2 -> 1.3984797 | F17: =F14* $R$2 -> 2.4341832 | G17: =G14 * $R$3 -> 0.0015377905 | H17: =H14* $R$3 -> 0.00092103648 | I17: =I14* $R$3 -> 0.0020405978 | J17: =J14 * R4 -> 0.10287345 | K17: =K14* R4 -> 0.094734401 | L17: =L14* R4 -> 0.11102866
C18: Emissions par an | D18: =D17*365 -> 699.46099 | E18: =E17*365 -> 510.4451 | F18: =F17*365 -> 888.47688 | G18: =G17*365 -> 0.56129354 | H18: =H17*365 -> 0.33617831 | I18: =I17*365 -> 0.74481819 | J18: =J17*365 -> 37.548809 | K18: =K17*365 -> 34.578057 | L18: =L17*365 -> 40.525462
C19: Emissions totales par an | D19: =_xlfn.CONCAT("Moyenne: ",ROUND(SUM(D18,G18,J18),0)," kg CO2 pp/an; Estimation basse: ",ROUND(SUM(E18,H18,K18),0)," kg CO2 pp/an; Estimation haute: ",ROUND(SUM(F18,I18,L18),0)," kg CO2 pp/an") -> Moyenne: 738 kg CO2 pp/an; Estimation basse: 545 kg CO2 pp/an; Estimation haute: 930 kg CO2 pp/an
D20: Les résultats seront mis à jour automatiquement

Sheet Analyse variables à enlever
C1: MINIMUM | F1: MAXIMUM | I1: RANGE
C2: 2 | D2: 6 | E2: 10 | F2: 2 | G2: 6 | H2: 10
C3: TIM | D3: MD | E3: TOT | F3: TIM | G3: MD | H3: TOT | I3: TIM | J3: MD | K3: TOT | L3: TIM | N3: MD | P3: TOT | R3: SCORE sum | S3: SCORE rank | T3: Final decision | W3: x
A4: Acc. gravitaire TIM | B4: P_comb_tim | C4: =MIN(INDIRECT(ADDRESS(2,C$2,,,$B4)&":"&ADDRESS(1000,C$2))) -> 1.762554 | D4: =MIN(INDIRECT(ADDRESS(2,D$2,,,$B4)&":"&ADDRESS(1000,D$2))) -> 1.4740516 | E4: =MIN(INDIRECT(ADDRESS(2,E$2,,,$B4)&":"&ADDRESS(1000,E$2))) -> 9.9114492 | F4: =MAX(INDIRECT(ADDRESS(2,F$2,,,$B4)&":"&ADDRESS(1000,F$2))) -> 8.1422731 | G4: =MAX(INDIRECT(ADDRESS(2,G$2,,,$B4)&":"&ADDRESS(1000,G$2))) -> 2.7345803 | H4: =MAX(INDIRECT(ADDRESS(2,H$2,,,$B4)&":"&ADDRESS(1000,H$2))) -> 20.226135 | I4: =F4-C4 -> 6.3797191 | J4: =G4-D4 -> 1.2605287 | K4: =H4-E4 -> 10.314686 | L4: =RANK(I4,I$4:I$16) -> 2 | M4: =IF(L4>13-D$20,"remove","keep") -> keep | N4: =RANK(J4,J$4:J$16) -> 3 | O4: =IF(N4>13-D$20,"remove","keep") -> keep | P4: =RANK(K4,K$4:K$16) -> 1 | Q4: =IF(P4>13-D$20,"remove","keep") -> keep | R4: =L4+N4+P4 -> 6 | S4: =RANK(R4,R$4:R$16,1) -> 1 | T4: =IF(S4>13-D$20,"remove","keep") -> keep | U4: =IF(T4="remove",A4,"") | V4: =U4 | W4: x
A5: Acc. gravitaire TP | B5: P_comb_tc | C5: =MIN(INDIRECT(ADDRESS(2,C$2,,,$B5)&":"&ADDRESS(1000,C$2))) -> 0.059932089 | D5: =MIN(INDIRECT(ADDRESS(2,D$2,,,$B5)&":"&ADDRESS(1000,D$2))) -> 1.245839 | E5: =MIN(INDIRECT(ADDRESS(2,E$2,,,$B5)&":"&ADDRESS(1000,E$2))) -> 5.3654436 | F5: =MAX(INDIRECT(ADDRESS(2,F$2,,,$B5)&":"&ADDRESS(1000,F$2))) -> 6.2487149 | G5: =MAX(INDIRECT(ADDRESS(2,G$2,,,$B5)&":"&ADDRESS(1000,G$2))) -> 2.570355 | H5: =MAX(INDIRECT(ADDRESS(2,H$2,,,$B5)&":"&ADDRESS(1000,H$2))) -> 12.853575 | I5: =F5-C5 -> 6.1887829 | J5: =G5-D5 -> 1.324516 | K5: =H5-E5 -> 7.4881312 | L5: =RANK(I5,I$4:I$16) -> 4 | M5: =IF(L5>13-D$20,"remove","keep") -> keep | N5: =RANK(J5,J$4:J$16) -> 2 | O5: =IF(N5>13-D$20,"remove","keep") -> keep | P5: =RANK(L5,L$4:L$16) -> 10 | Q5: =IF(P5>13-D$20,"remove","keep") -> keep | R5: =L5+N5+P5 -> 16 | S5: =RANK(R5,R$4:R$16,1) -> 3 | T5: =IF(S5>13-D$20,"remove","keep") -> keep | U5: =IF(T5="remove",A5,"") | V5: =IF(V4="",U5,_xlfn.CONCAT(IF(U5="",_xlfn.CONCAT(V4,U5),_xlfn.CONCAT(V4,", ")),U5)) | W5: x
A6: Dens. bâtiments (bât/m2) | B6: B_DENS | C6: =MIN(INDIRECT(ADDRESS(2,C$2,,,$B6)&":"&ADDRESS(1000,C$2))) -> 4.4031183 | D6: =MIN(INDIRECT(ADDRESS(2,D$2,,,$B6)&":"&ADDRESS(1000,D$2))) -> 0.91223773 | E6: =MIN(INDIRECT(ADDRESS(2,E$2,,,$B6)&":"&ADDRESS(1000,E$2))) -> 10.401756 | F6: =MAX(INDIRECT(ADDRESS(2,F$2,,,$B6)&":"&ADDRESS(1000,F$2))) -> 10.930821 | G6: =MAX(INDIRECT(ADDRESS(2,G$2,,,$B6)&":"&ADDRESS(1000,G$2))) -> 2.0601222 | H6: =MAX(INDIRECT(ADDRESS(2,H$2,,,$B6)&":"&ADDRESS(1000,H$2))) -> 18.82056 | I6: =F6-C6 -> 6.5277023 | J6: =G6-D6 -> 1.1478844 | K6: =H6-E6 -> 8.4188045 | L6: =RANK(I6,I$4:I$16) -> 1 | M6: =IF(L6>13-D$20,"remove","keep") -> keep | N6: =RANK(J6,J$4:J$16) -> 6 | O6: =IF(N6>13-D$20,"remove","keep") -> keep | P6: =RANK(L6,L$4:L$16) -> 13 | Q6: =IF(P6>13-D$20,"remove","keep") -> remove | R6: =L6+N6+P6 -> 20 | S6: =RANK(R6,R$4:R$16,1) -> 6 | T6: =IF(S6>13-D$20,"remove","keep") -> keep | U6: =IF(T6="remove",A6,"") | V6: =IF(V5="",U6,_xlfn.CONCAT(IF(U6="",_xlfn.CONCAT(V5,U6),_xlfn.CONCAT(V5,", ")),U6)) | W6: x
A7: Dens. population (pop/ha) | B7: B15BTOT | C7: =MIN(INDIRECT(ADDRESS(2,C$2,,,$B7)&":"&ADDRESS(1000,C$2))) -> 1.2656182 | D7: =MIN(INDIRECT(ADDRESS(2,D$2,,,$B7)&":"&ADDRESS(1000,D$2))) -> 1.0561498 | E7: =MIN(INDIRECT(ADDRESS(2,E$2,,,$B7)&":"&ADDRESS(1000,E$2))) -> 6.1546025 | F7: =MAX(INDIRECT(ADDRESS(2,F$2,,,$B7)&":"&ADDRESS(1000,F$2))) -> 6.135976 | G7: =MAX(INDIRECT(ADDRESS(2,G$2,,,$B7)&":"&ADDRESS(1000,G$2))) -> 1.9493817 | H7: =MAX(INDIRECT(ADDRESS(2,H$2,,,$B7)&":"&ADDRESS(1000,H$2))) -> 12.703412 | I7: =F7-C7 -> 4.8703578 | J7: =G7-D7 -> 0.89323193 | K7: =H7-E7 -> 6.5488099 | L7: =RANK(I7,I$4:I$16) -> 8 | M7: =IF(L7>13-D$20,"remove","keep") -> keep | N7: =RANK(J7,J$4:J$16) -> 8 | O7: =IF(N7>13-D$20,"remove","keep") -> keep | P7: =RANK(L7,L$4:L$16) -> 6 | Q7: =IF(P7>13-D$20,"remove","keep") -> keep | R7: =L7+N7+P7 -> 22 | S7: =RANK(R7,R$4:R$16,1) -> 8 | T7: =IF(S7>13-D$20,"remove","keep") -> keep | U7: =IF(T7="remove",A7,"") | V7: =IF(V6="",U7,_xlfn.CONCAT(IF(U7="",_xlfn.CONCAT(V6,U7),_xlfn.CONCAT(V6,", ")),U7)) | W7: x
A8: Entropie utilisation du sol | B8: ENTROPY | C8: =MIN(INDIRECT(ADDRESS(2,C$2,,,$B8)&":"&ADDRESS(1000,C$2))) -> 4.9554957 | D8: =MIN(INDIRECT(ADDRESS(2,D$2,,,$B8)&":"&ADDRESS(1000,D$2))) -> 1.7898566 | E8: =MIN(INDIRECT(ADDRESS(2,E$2,,,$B8)&":"&ADDRESS(1000,E$2))) -> 11.255459 | F8: =MAX(INDIRECT(ADDRESS(2,F$2,,,$B8)&":"&ADDRESS(1000,F$2))) -> 8.4000226 | G8: =MAX(INDIRECT(ADDRESS(2,G$2,,,$B8)&":"&ADDRESS(1000,G$2))) -> 1.8840576 | H8: =MAX(INDIRECT(ADDRESS(2,H$2,,,$B8)&":"&ADDRESS(1000,H$2))) -> 17.93295 | I8: =F8-C8 -> 3.444527 | J8: =G8-D8 -> 0.094201023 | K8: =H8-E8 -> 6.6774908 | L8: =RANK(I8,I$4:I$16) -> 12 | M8: =IF(L8>13-D$20,"remove","keep") -> remove | N8: =RANK(J8,J$4:J$16) -> 13 | O8: =IF(N8>13-D$20,"remove","keep") -> remove | P8: =RANK(L8,L$4:L$16) -> 2 | Q8: =IF(P8>13-D$20,"remove","keep") -> keep | R8: =L8+N8+P8 -> 27 | S8: =RANK(R8,R$4:R$16,1) -> 13 | T8: =IF(S8>13-D$20,"remove","keep") -> remove | U8: =IF(T8="remove",A8,"") -> Entropie utilisation du sol | V8: =IF(V7="",U8,_xlfn.CONCAT(IF(U8="",_xlfn.CONCAT(V7,U8),_xlfn.CONCAT(V7,", ")),U8)) -> Entropie utilisation du sol | W8: x
A9: N. intersections feux rouges (/km2) | B9: FEUX_R_ARE | C9: =MIN(INDIRECT(ADDRESS(2,C$2,,,$B9)&":"&ADDRESS(1000,C$2))) -> 1.0847562 | D9: =MIN(INDIRECT(ADDRESS(2,D$2,,,$B9)&":"&ADDRESS(1000,D$2))) -> 1.5630773 | E9: =MIN(INDIRECT(ADDRESS(2,E$2,,,$B9)&":"&ADDRESS(1000,E$2))) -> 8.0220463 | F9: =MAX(INDIRECT(ADDRESS(2,F$2,,,$B9)&":"&ADDRESS(1000,F$2))) -> 5.6944084 | G9: =MAX(INDIRECT(ADDRESS(2,G$2,,,$B9)&":"&ADDRESS(1000,G$2))) -> 1.9143731 | H9: =MAX(INDIRECT(ADDRESS(2,H$2,,,$B9)&":"&ADDRESS(1000,H$2))) -> 12.258695 | I9: =F9-C9 -> 4.6096521 | J9: =G9-D9 -> 0.3512958 | K9: =H9-E9 -> 4.2366492 | L9: =RANK(I9,I$4:I$16) -> 9 | M9: =IF(L9>13-D$20,"remove","keep") -> keep | N9: =RANK(J9,J$4:J$16) -> 12 | O9: =IF(N9>13-D$20,"remove","keep") -> remove | P9: =RANK(L9,L$4:L$16) -> 5 | Q9: =IF(P9>13-D$20,"remove","keep") -> keep | R9: =L9+N9+P9 -> 26 | S9: =RANK(R9,R$4:R$16,1) -> 12 | T9: =IF(S9>13-D$20,"remove","keep") -> remove | U9: =IF(T9="remove",A9,"") -> N. intersections feux rouges (/km2) | V9: =IF(V8="",U9,_xlfn.CONCAT(IF(U9="",_xlfn.CONCAT(V8,U9),_xlfn.CONCAT(V8,", ")),U9)) -> Entropie utilisation du sol, N. intersections feux rouges (/km2) | W9: x
A10: Charge max. du réseau (voit/j) | B10: MAX_DTV | C10: =MIN(INDIRECT(ADDRESS(2,C$2,,,$B10)&":"&ADDRESS(1000,C$2))) -> 4.9694388 | D10: =MIN(INDIRECT(ADDRESS(2,D$2,,,$B10)&":"&ADDRESS(1000,D$2))) -> 1.4611883 | E10: =MIN(INDIRECT(ADDRESS(2,E$2,,,$B10)&":"&ADDRESS(1000,E$2))) -> 10.612309 | F10: =MAX(INDIRECT(ADDRESS(2,F$2,,,$B10)&":"&ADDRESS(1000,F$2))) -> 7.2761789 | G10: =MAX(INDIRECT(ADDRESS(2,G$2,,,$B10)&":"&ADDRESS(1000,G$2))) -> 1.991973 | H10: =MAX(INDIRECT(ADDRESS(2,H$2,,,$B10)&":"&ADDRESS(1000,H$2))) -> 14.993366 | I10: =F10-C10 -> 2.3067402 | J10: =G10-D10 -> 0.53078471 | K10: =H10-E10 -> 4.3810579 | L10: =RANK(I10,I$4:I$16) -> 13 | M10: =IF(L10>13-D$20,"remove","keep") -> remove | N10: =RANK(J10,J$4:J$16) -> 11 | O10: =IF(N10>13-D$20,"remove","keep") -> remove | P10: =RANK(L10,L$4:L$16) -> 1 | Q10: =IF(P10>13-D$20,"remove","keep") -> keep | R10: =L10+N10+P10 -> 25 | S10: =RANK(R10,R$4:R$16,1) -> 11 | T10: =IF(S10>13-D$20,"remove","keep") -> remove | U10: =IF(T10="remove",A10,"") -> Charge max. du réseau (voit/j) | V10: =IF(V9="",U10,_xlfn.CONCAT(IF(U10="",_xlfn.CONCAT(V9,U10),_xlfn.CONCAT(V9,", ")),U10)) -> Entropie utilisation du sol, N. intersections feux rouges (/km2), Charge max. du réseau (voit/j) | W10: x
A11: Ratio emplois - habitants | B11: R_EMPHAB | C11: =MIN(INDIRECT(ADDRESS(2,C$2,,,$B11)&":"&ADDRESS(1000,C$2))) -> 5.0744514 | D11: =MIN(INDIRECT(ADDRESS(2,D$2,,,$B11)&":"&ADDRESS(1000,D$2))) -> 0.68599353 | E11: =MIN(INDIRECT(ADDRESS(2,E$2,,,$B11)&":"&ADDRESS(1000,E$2))) -> 11.509264 | F11: =MAX(INDIRECT(ADDRESS(2,F$2,,,$B11)&":"&ADDRESS(1000,F$2))) -> 8.6965102 | G11: =MAX(INDIRECT(ADDRESS(2,G$2,,,$B11)&":"&ADDRESS(1000,G$2))) -> 2.1715531 | H11: =MAX(INDIRECT(ADDRESS(2,H$2,,,$B11)&":"&ADDRESS(1000,H$2))) -> 18.844302 | I11: =F11-C11 -> 3.6220588 | J11: =G11-D11 -> 1.4855596 | K11: =H11-E11 -> 7.335038 | L11: =RANK(I11,I$4:I$16) -> 10 | M11: =IF(L11>13-D$20,"remove","keep") -> keep | N11: =RANK(J11,J$4:J$16) -> 1 | O11: =IF(N11>13-D$20,"remove","keep") -> keep | P11: =RANK(L11,L$4:L$16) -> 4 | Q11: =IF(P11>13-D$20,"remove","keep") -> keep | R11: =L11+N11+P11 -> 15 | S11: =RANK(R11,R$4:R$16,1) -> 2 | T11: =IF(S11>13-D$20,"remove","keep") -> keep | U11: =IF(T11="remove",A11,"") | V11: =IF(V10="",U11,_xlfn.CONCAT(IF(U11="",_xlfn.CONCAT(V10,U11),_xlfn.CONCAT(V10,", ")),U11)) -> Entropie utilisation du sol, N. intersections feux rouges (/km2), Charge max. du réseau (voit/j) | W11: x
A12: Densité routière (km/km2) | B12: ROAD_DENS | C12: =MIN(INDIRECT(ADDRESS(2,C$2,,,$B12)&":"&ADDRESS(1000,C$2))) -> 5.4717685 | D12: =MIN(INDIRECT(ADDRESS(2,D$2,,,$B12)&":"&ADDRESS(1000,D$2))) -> 1.1461001 | E12: =MIN(INDIRECT(ADDRESS(2,E$2,,,$B12)&":"&ADDRESS(1000,E$2))) -> 9.6760082 | F12: =MAX(INDIRECT(ADDRESS(2,F$2,,,$B12)&":"&ADDRESS(1000,F$2))) -> 10.456211 | G12: =MAX(INDIRECT(ADDRESS(2,G$2,,,$B12)&":"&ADDRESS(1000,G$2))) -> 2.0889042 | H12: =MAX(INDIRECT(ADDRESS(2,H$2,,,$B12)&":"&ADDRESS(1000,H$2))) -> 16.07273 | I12: =F12-C12 -> 4.9844428 | J12: =G12-D12 -> 0.94280409 | K12: =H12-E12 -> 6.3967215 | L12: =RANK(I12,I$4:I$16) -> 7 | M12: =IF(L12>13-D$20,"remove","keep") -> keep | N12: =RANK(J12,J$4:J$16) -> 7 | O12: =IF(N12>13-D$20,"remove","keep") -> keep | P12: =RANK(L12,L$4:L$16) -> 7 | Q12: =IF(P12>13-D$20,"remove","keep") -> keep | R12: =L12+N12+P12 -> 21 | S12: =RANK(R12,R$4:R$16,1) -> 7 | T12: =IF(S12>13-D$20,"remove","keep") -> keep | U12: =IF(T12="remove",A12,"") | V12: =IF(V11="",U12,_xlfn.CONCAT(IF(U12="",_xlfn.CONCAT(V11,U12),_xlfn.CONCAT(V11,", ")),U12)) -> Entropie utilisation du sol, N. intersections feux rouges (/km2), Charge max. du réseau (voit/j) | W12: x
A13: Surf. couverte par trottoirs (km2/km2) | B13: TROTT_DENS | C13: =MIN(INDIRECT(ADDRESS(2,C$2,,,$B13)&":"&ADDRESS(1000,C$2))) -> 1.9600016 | D13: =MIN(INDIRECT(ADDRESS(2,D$2,,,$B13)&":"&ADDRESS(1000,D$2))) -> 1.4112886 | E13: =MIN(INDIRECT(ADDRESS(2,E$2,,,$B13)&":"&ADDRESS(1000,E$2))) -> 10.684311 | F13: =MAX(INDIRECT(ADDRESS(2,F$2,,,$B13)&":"&ADDRESS(1000,F$2))) -> 7.5145656 | G13: =MAX(INDIRECT(ADDRESS(2,G$2,,,$B13)&":"&ADDRESS(1000,G$2))) -> 2.6408196 | H13: =MAX(INDIRECT(ADDRESS(2,H$2,,,$B13)&":"&ADDRESS(1000,H$2))) -> 16.936684 | I13: =F13-C13 -> 5.554564 | J13: =G13-D13 -> 1.229531 | K13: =H13-E13 -> 6.2523738 | L13: =RANK(I13,I$4:I$16) -> 5 | M13: =IF(L13>13-D$20,"remove","keep") -> keep | N13: =RANK(J13,J$4:J$16) -> 4 | O13: =IF(N13>13-D$20,"remove","keep") -> keep | P13: =RANK(L13,L$4:L$16) -> 9 | Q13: =IF(P13>13-D$20,"remove","keep") -> keep | R13: =L13+N13+P13 -> 18 | S13: =RANK(R13,R$4:R$16,1) -> 4 | T13: =IF(S13>13-D$20,"remove","keep") -> keep | U13: =IF(T13="remove",A13,"") | V13: =IF(V12="",U13,_xlfn.CONCAT(IF(U13="",_xlfn.CONCAT(V12,U13),_xlfn.CONCAT(V12,", ")),U13)) -> Entropie utilisation du sol, N. intersections feux rouges (/km2), Charge max. du réseau (voit/j) | W13: x
A14: Typologie courtes distances | B14: TYPO_TD | C14: =MIN(INDIRECT(ADDRESS(2,C$2,,,$B14)&":"&ADDRESS(1000,C$2))) -> 4.843272 | D14: =MIN(INDIRECT(ADDRESS(2,D$2,,,$B14)&":"&ADDRESS(1000,D$2))) -> 1.3644675 | E14: =MIN(INDIRECT(ADDRESS(2,E$2,,,$B14)&":"&ADDRESS(1000,E$2))) -> 11.888032 | F14: =MAX(INDIRECT(ADDRESS(2,F$2,,,$B14)&":"&ADDRESS(1000,F$2))) -> 11.041507 | G14: =MAX(INDIRECT(ADDRESS(2,G$2,,,$B14)&":"&ADDRESS(1000,G$2))) -> 2.1180978 | H14: =MAX(INDIRECT(ADDRESS(2,H$2,,,$B14)&":"&ADDRESS(1000,H$2))) -> 21.19741 | I14: =F14-C14 -> 6.198235 | J14: =G14-D14 -> 0.75363032 | K14: =H14-E14 -> 9.309378 | L14: =RANK(I14,I$4:I$16) -> 3 | M14: =IF(L14>13-D$20,"remove","keep") -> keep | N14: =RANK(J14,J$4:J$16) -> 9 | O14: =IF(N14>13-D$20,"remove","keep") -> keep | P14: =RANK(L14,L$4:L$16) -> 11 | Q14: =IF(P14>13-D$20,"remove","keep") -> remove | R14: =L14+N14+P14 -> 23 | S14: =RANK(R14,R$4:R$16,1) -> 9 | T14: =IF(S14>13-D$20,"remove","keep") -> keep | U14: =IF(T14="remove",A14,"") | V14: =IF(V13="",U14,_xlfn.CONCAT(IF(U14="",_xlfn.CONCAT(V13,U14),_xlfn.CONCAT(V13,", ")),U14)) -> Entropie utilisation du sol, N. intersections feux rouges (/km2), Charge max. du réseau (voit/j) | W14: x
A15: Classe de desserte TP | B15: W_OeV_KLASSE | C15: =MIN(INDIRECT(ADDRESS(2,C$2,,,$B15)&":"&ADDRESS(1000,C$2))) -> 4.237863 | D15: =MIN(INDIRECT(ADDRESS(2,D$2,,,$B15)&":"&ADDRESS(1000,D$2))) -> 1.0471495 | E15: =MIN(INDIRECT(ADDRESS(2,E$2,,,$B15)&":"&ADDRESS(1000,E$2))) -> 10.314616 | F15: =MAX(INDIRECT(ADDRESS(2,F$2,,,$B15)&":"&ADDRESS(1000,F$2))) -> 7.697343 | G15: =MAX(INDIRECT(ADDRESS(2,G$2,,,$B15)&":"&ADDRESS(1000,G$2))) -> 1.7452492 | H15: =MAX(INDIRECT(ADDRESS(2,H$2,,,$B15)&":"&ADDRESS(1000,H$2))) -> 19.318052 | I15: =F15-C15 -> 3.45948 | J15: =G15-D15 -> 0.69809966 | K15: =H15-E15 -> 9.003436 | L15: =RANK(I15,I$4:I$16) -> 11 | M15: =IF(L15>13-D$20,"remove","keep") -> remove | N15: =RANK(J15,J$4:J$16) -> 10 | O15: =IF(N15>13-D$20,"remove","keep") -> keep | P15: =RANK(L15,L$4:L$16) -> 3 | Q15: =IF(P15>13-D$20,"remove","keep") -> keep | R15: =L15+N15+P15 -> 24 | S15: =RANK(R15,R$4:R$16,1) -> 10 | T15: =IF(S15>13-D$20,"remove","keep") -> keep | U15: =IF(T15="remove",A15,"") | V15: =IF(V14="",U15,_xlfn.CONCAT(IF(U15="",_xlfn.CONCAT(V14,U15),_xlfn.CONCAT(V14,", ")),U15)) -> Entropie utilisation du sol, N. intersections feux rouges (/km2), Charge max. du réseau (voit/j) | W15: x
A16: Nombre de places de parking par ménage | B16: Places_Parking | C16: =MIN(INDIRECT(ADDRESS(2,C$2,,,$B16)&":"&ADDRESS(1000,C$2))) -> 3.315335 | D16: =MIN(INDIRECT(ADDRESS(2,D$2,,,$B16)&":"&ADDRESS(1000,D$2))) -> 0.91228933 | E16: =MIN(INDIRECT(ADDRESS(2,E$2,,,$B16)&":"&ADDRESS(1000,E$2))) -> 10.48944 | F16: =MAX(INDIRECT(ADDRESS(2,F$2,,,$B16)&":"&ADDRESS(1000,F$2))) -> 8.821674 | G16: =MAX(INDIRECT(ADDRESS(2,G$2,,,$B16)&":"&ADDRESS(1000,G$2))) -> 2.0625672 | H16: =MAX(INDIRECT(ADDRESS(2,H$2,,,$B16)&":"&ADDRESS(1000,H$2))) -> 15.690454 | I16: =F16-C16 -> 5.506339 | J16: =G16-D16 -> 1.1502779 | K16: =H16-E16 -> 5.201014 | L16: =RANK(I16,I$4:I$16) -> 6 | M16: =IF(L16>13-D$20,"remove","keep") -> keep | N16: =RANK(J16,J$4:J$16) -> 5 | O16: =IF(N16>13-D$20,"remove","keep") -> keep | P16: =RANK(L16,L$4:L$16) -> 8 | Q16: =IF(P16>13-D$20,"remove","keep") -> keep | R16: =L16+N16+P16 -> 19 | S16: =RANK(R16,R$4:R$16,1) -> 5 | T16: =IF(S16>13-D$20,"remove","keep") -> keep | U16: =IF(T16="remove",A16,"") | V16: =IF(V15="",U16,_xlfn.CONCAT(IF(U16="",_xlfn.CONCAT(V15,U16),_xlfn.CONCAT(V15,", ")),U16)) -> Entropie utilisation du sol, N. intersections feux rouges (/km2), Charge max. du réseau (voit/j) | W16: x
C18: Minimal distance covered by variable space | F18: Maximall distance covered by variable space | I18: Range of distances covered by variable space | L18: Score TIM (1 = best, 13 = worst) | N18: Score mobilité douce | P18: Score distance totale | R18: Score pour distance TIM, MD et totale
C20: Nombre de variables à enlever: | D20: 3 | E20: modifiable par l'utilisateur!
C23: Hypothèse: si une plus grande intervalle de distances est couverte (par exemple: pour variable x l'effet moyen causal varie entre 3 et 15 km par jour en TIM versus pour variable y l'effet causal ressemble à une ligne droite et varie entre 8 et 9 km par jour), l'effet de cette variable sur les distances parcourues est important. | K23: =_xlfn.CONCAT("Il a été décidé d'enlever les variables: ",V16) -> Il a été décidé d'enlever les variables: Entropie utilisation du sol, N. intersections feux rouges (/km2), Charge max. du réseau (voit/j)
